  變造 私文書   業務 登載不實文書   侵占   變造 私文書   登載不實   變造   詐欺取財   陷於錯誤   詐欺取財   陷於錯誤   變造   偽造私文書   捏造   偽造   變造 文書   變造 文書   變造 私文書   變造 私文書   變造 私文書   變造 私文書   業務 登載不實文書   變造   詐欺取財   業務侵占   捏造 虛偽   陷於錯誤   詐欺取財   登載不實   變造   變造 私文書   業務侵占   變造 私文書   業務侵占   詐欺取財   侵占   侵占   業務侵占   侵占   變造   詐欺取財 ,1.0,0,偽造文書
  偽造私文書   使 公務員 登載不實   盜蓋   偽造   盜蓋   偽造   盜蓋   偽造   盜蓋   偽造私文書   使 公務員 登載不實文書   共同 正犯   盜用   偽造私文書   偽造私文書   偽造私文書   偽造   偽造私文書   偽造   偽造私文書   使 公務員 登載不實文書   偽造私文書   盜用   累犯   盜用   偽造   偽造 ,0.17,0,偽造文書
  偽造   偽造   使 公務員 登載不實   偽造私文書   虛增 房地 買賣金額   向 金融機構 超額 貸款   使 公務員 登載不實   偽造私文書   偽造   偽造   偽造   使 公務員 登載不實   使 公務員 登載不實   偽造   偽造   偽造   偽造   偽造   偽造   偽造   偽造   使 公務員 登載不實   偽造私文書   使 公務員 登載不實   共同 正犯   共同 正犯   偽造   偽造私文書   使 公務員 登載不實   偽造私文書   偽造私文書   偽造私文書   使 公務員 登載不實文書   偽造   偽造   共同 正犯   偽造   偽造   偽造 ,0.58,0,偽造文書
  詐欺取財   竊盜   竊取   盜用   竊盜   偽造私文書   詐欺取財   盜蓋   偽造   盜用   偽造   偽造   竊取   共同 正犯   盜用   竊取   竊盜   偽造私文書   詐欺取財   偽造私文書   累犯   侵占   詐欺   偽造   竊盜   偽造   偽造   偽造 ,0.75,0,偽造文書
  詐欺取財   偽造私文書   冒 全體 繼承人 之 名義   偽刻   盜蓋   不實私文書   偽造私文書   詐欺取財   盜蓋   偽造私文書   偽造私文書   偽造私文書   偽造私文書   詐欺取財   偽造私文書   冒用   偽刻   偽造   偽刻   盜蓋   偽造   偽造 ,0.25,0,偽造文書
  未遺失   順利 出售 上開 房地   使 公務員 登載不實   遺失 補發 切結書   補發 新 所有權狀   使 公務員 登載不實   使 公務員 登載不實 ,0.33,0,偽造文書
  並 無結婚 之 真意   假結婚 方式   非法進入 臺灣地區   謀取 不法利益   非法進入 臺灣地區   使 公務員 登載不實文書   充當 人頭配偶   辦理 登記 結婚   非法入境   使 公務員 登載不實   共同 正犯   共同 正犯   使 公務員 登載不實   使 公務員 登載不實   使 公務員 登載不實   共同 正犯   不得 減刑 ,0.12,0,偽造文書
  偽造 文書   偽造   盜用   偽造   侵占   偽造 文書   偽造私文書   偽造   偽造私文書   偽造   偽造私文書   共同 正犯   偽造   盜蓋   偽造私文書   偽造私文書   偽造   偽造   偽造   侵占   深具 悔意   冒用   偽簽   盜用 ,0.17,0,偽造文書
  偽造私文書   詐欺取財   竊盜   竊取   偽刻   偽刻   偽刻   偽造   竊盜   詐欺取財   偽造私文書   使 公務員 登載不實   竊取   偽刻   偽造   偽造   偽造   偽造   盜賣   竊取   偽刻印章   竊盜   詐欺取財   偽造私文書   使 公務員 登載不實   偽造私文書   竊取   偽造   使 公務員 登載不實   竊取   偽造   偽造   偽刻   偽造   偽造   偽造   偽造私文書 ,0.5,0,偽造文書
  偽造 文書   持有 第二級毒品 甲基安非他命   偽造 署押   偽造私文書   冒用   偽簽   偽簽   偽造私文書   冒用   毀棄 損壞   毀棄 損壞   偽造 署押   偽造私文書   冒用   偽簽   冒用   偽簽   偽造私文書   偽造   冒用   冒用   冒用   偽造 署押   冒用   偽造 署押   偽造 署押   偽造私文書   冒名   偽造私文書   冒名   偽造 署押   偽簽   偽造 署押   偽造私文書   冒簽   偽造 署押   偽簽   偽造私文書   偽簽   偽造私文書   偽造私文書   偽造 署押   偽造   偽造私文書   偽造私文書   偽造   偽造   偽造私文書   偽造私文書   偽造 署押   偽造私文書   偽造   偽造私文書   偽造 署押   偽造私文書   冒用   偽造 署名   偽造私文書   偽造   偽造私文書   偽造   偽造   偽造   偽造   偽造   偽造   偽造 ,0.5,0,偽造文書
  偽造 文書   未到案執行   偽造 署押   冒用   偽簽   偽造 署押   偽簽   冒用   偽簽   偽造 署押   偽造   偽造   偽造   偽造 ,0.17,0,偽造文書
  偽刻   偽簽   偽刻 之 印章   偽造   偽造   詐欺   偽造 文書   偽造 文書   偽造 文書   偽造 文書   偽造 文書   偽造   偽刻   偽簽   偽刻   偽造 署押   偽造   偽造   偽簽   偽刻   偽造私文書   偽造   偽刻   偽造   偽造私文書   偽造私文書   偽造 署押   偽造 印章   偽造私文書   偽造 印章   偽刻   偽簽   偽刻   偽造   偽造   偽造   偽造 ,0.25,0,偽造文書
  未告知   已 死亡 之 事實   偽造私文書   偽造   偽造私文書   偽造 文書   偽造 文書   捏造   偽造私文書   偽造   偽造私文書   偽造私文書   偽造私文書   偽造   偽造 文書   偽造私文書   冒簽   偽造私文書   偽造私文書   偽造私文書   偽造私文書   偽造   偽造 文書   知所 警惕   偽造   偽造 ,0.17,0,偽造文書
  非持 本人 之 身分證件   不得辦理   偽造 文書   偽簽   上開 門號 遭 詐騙集團 使用   偽造私文書   行使 偽造私文書   偽造 文書   偽造 文書   偽造私文書   偽造   冒用   冒辦   偽造 文書   冒名   冒名   冒簽   偽造 文書   偽造 文書   偽造 文書   偽造 文書   偽造 文書   偽造 文書   偽簽   偽造 文書   偽造 署押   冒用   偽造 署押   偽造 署押   偽造 署押   偽造 文書   偽造 文書   偽造 文書   偽造 署押   偽造 文書 ,0.0,0,偽造文書
  詐欺取財   偽造 署押   偽造私文書   行使 偽造私文書   偽簽   偽簽   詐欺取財   偽造 署押   造 私文書   偽造私文書   偽簽   陷於錯誤   偽造私文書   詐欺取財   偽造私文書   詐欺取財   偽造 文書   偽造私文書   偽造   偽造   偽造 文書   詐欺取財   詐欺   詐欺   陷於錯誤   陷於錯誤   詐欺取財   詐欺   詐欺   詐欺取財   偽造   詐欺取財 ,0.0,0,偽造文書
  偽造私文書   未授權代為提議 或表決   偽造   偽造 文書   偽造   偽造   偽造 文書   冒用   冒用   偽造   偽造私文書   偽造私文書   偽造私文書   偽造   偽造私文書   偽造私文書   偽造私文書   偽造   偽造   偽造   偽造私文書   偽造私文書   偽造   偽造   偽造   偽造   偽造 ,0.33,0,偽造文書
  行使 公務員 登載不實文書   不實登載   使 公務員 登載不實文書   不實登載   使 公務員 登載不實文書   使 公務員 登載不實文書   不實登載   不實登載   公務員 登載不實   使 公務員 登載不實文書   使 公務員 登載不實 ,0.75,0,偽造文書
  登載不實文書   免嫁 禍   誣陷   登載不實文書 ,0.0,0,偽造文書
  偽造私文書   偽簽   詐欺   偽造私文書   偽造私文書   偽造私文書   偽造私文書   偽造私文書   冒用   捏造   冒用   偽造 文書   偽造 文書   冒用   偽造私文書   偽造私文書   偽造私文書   偽造私文書   偽造私文書   偽造   偽簽   使 公務員 登載不實   使 公務員 登載不實   使 公務員 登載不實   使 公務員 登載不實   使 公務員 登載不實   使 公務員 登載不實   使 公務員 登載不實   使 公務員 登載不實   使 公務員 登載 之 故   使 公務員 登載不實   使 公務員 登載不實   偽造私文書 ,0.17,0,偽造文書
  詐欺取財   詐欺取財   詐欺取財   詐欺取財   陷於錯誤   詐欺取財   陷於錯誤   詐欺取財   偽造私文書   冒用   偽造   偽造私文書   偽造   詐欺取財   詐欺取財   偽造私文書   偽造   偽造   偽造私文書   偽造私文書   偽造   詐欺   陷於錯誤   偽造   偽造   變造   偽造   偽造   偽造   偽造   詐欺取財   偽造私文書   詐欺取財 ,2.17,0,偽造文書
  偽造私文書   陷於錯誤   偽造私文書   詐欺   未置可否   偽造   偽造   偽造   偽造私文書   詐欺   偽造私文書   詐欺取財   加重 詐欺   冒用   未遂   共同 正犯   詐欺取財   詐欺取財   偽造私文書   詐欺取財   共同 正犯   偽造私文書   詐欺取財   偽造私文書   偽造   偽造私文書   偽造   偽造私文書   詐欺取財 ,1.0,0,偽造文書
  累犯   加重其刑   偽造   偽造   偽造 車牌   特種文書 ,0.25,0,偽造文書
  冒用   偽造   陷於錯誤   詐欺取財   偽造 準私文書   冒用   偽造   冒名   陷於錯誤   冒用   擅自 冒標   偽造 文書   冒標   冒用   冒用   冒標   冒標   冒標   偽造私文書   偽造   偽造   偽造 文書   偽造   偽造   陷於錯誤   詐欺取財   陷於錯誤   詐欺取財   詐欺   陷於錯誤   冒用   偽造   偽造 準私文書   偽造   偽造 準私文書   陷入 錯誤   詐欺取財   偽造 準私文書   偽造 準私文書   詐欺取財   偽造   偽造   偽造 準私文書   偽造 準私文書   偽造 準私文書   冒標   偽造   冒標   偽造 準私文書   詐欺取財   偽造 準私文書   自首   自首   減輕其刑   無受 裁判   自首   自首   自首   自首   詐欺   偽造 文書   詐欺   自首   自首   詐欺   偽造 文書   自首   假冒   偽造 文書   詐欺   自首   自首   自首   自首   自首   自首   自首   冒標   詐欺   偽造 文書   自首   自首   自首   接受裁判   自首   冒用   偽造   冒標   偽造   偽造   偽造   偽造   封鎖 ,3.67,0,偽造文書
  使 公務員 登載不實   使 公務員 登載不實   使 公務員 登載不實   使 公務員 登載不實   偽造 文書   使 公務員 登載不實 ,0.0,0,偽造文書
  偽簽   偽造   偽造私文書   未有 偽簽   無偽造 文書   偽造   詐欺取財   詐欺 得利   詐欺取財   偽造 準私文書   詐欺 得利   盜刷   偽造   盜用   偽造 準私文書   詐欺 得利   偽造 準私文書   偽造 準私文書   詐欺取財   偽造 準私文書   累犯   加重其刑   私利 侵占   盜刷   盜刷 ,0.33,0,偽造文書
  詐欺取財   變造 私文書   陷於錯誤   變造   變造 文書   偽造   變造   變造 私文書   詐欺取財   變造   變造   變造   變造 私文書   變造 私文書   詐欺取財   變造 私文書   變造   竊盜   施用 毒品   恐嚇取財   變造 ,0.17,0,偽造文書
  使公務 登載不實文書   使 公務員 登載不實   使 公務員 登載不實   使 公務員 登載不實 公文書   使 公務員 登載不實文書   共同 正犯   使 公務員 登載不實   使 公務員 登載不實文書   使 公務員 登載不實   竊盜   累犯   加重其刑   假結婚 ,0.33,0,偽造文書
  偽造 文書   偽造 特種文書   偽造   陷於錯誤   偽造私文書   偽造 特種 證書   侵占   詐欺取財   偽造   偽造   偽造私文書   偽造 署押   偽造私文書   偽造私文書   偽造   偽造私文書   偽造 特種文書   詐欺取財   偽造私文書   偽造私文書   侵占   偽造私文書   特種文書   偽造   偽造   侵占 ,0.5,0,偽造文書
  涉嫌 侵占 家族 事業   使 公務員 登載不實   業務 登載不實   使 公務員 登載不實   偽造   變造 文書   偽造   變造 文書   使 公務員 登載不實   業務 登載不實   使 公務員 登載不實 ,0.5,0,偽造文書
  業務侵占   侵占入己   侵占   偽造私文書   冒用   偽造   偽造   偽造   偽造私文書   冒用   偽造   偽造   偽造   偽造   侵占入己   業務侵占   偽造私文書   偽造   偽造私文書   偽造私文書   偽造私文書   偽造   冒用   偽造私文書   侵占   偽造私文書   偽造私文書   侵占   偽造私文書   業務侵占   偽造私文書   偽造   偽造   侵占 ,1.5,0,偽造文書
  行使 偽造私文書   偽造   偽造私文書   偽造私文書   偽造私文書   偽造   公然侮辱   加重 誹謗   偽造私文書   偽簽   偽簽   冒用   偽造 ,2.25,0,偽造文書
  加害 生命 、 身體   恫嚇   偽造 準私文書   加重 誹謗   偽造 準私文書   減輕 加害   冒用   冒用   偽造 文書   冒用   偽造 文書   冒用   偽造 準私文書   偽造 準私文書   偽造 準私文書   偽造 準私文書   偽造 準私文書   偽造 準私文書   冒用 ,0.36,0,偽造文書
  達成 協商   已 認罪   偽造   偽造   偽造私文書 ,0.83,0,偽造文書
  詐欺取財   偽造   假冒   詐欺取財   共同 正犯   加重其刑   冒用   詐欺取財   偽造公文書   冒用   冒用   偽造公文書   偽造公文書   偽造公文書   偽造公文書   詐欺   偽造   偽造公文書   詐欺   冒用   詐欺取財   偽造公文書   冒用   正犯   偽造   偽造 ,1.5,0,偽造文書
  詐欺取財   偽造私文書   偽造   變造 公文書   變造   詐欺取財   偽造私文書   偽刻   偽造   詐欺   詐欺   詐欺   偽造 文書   變造   偽造   冒用   偽造公文書   變造 公文書   變造 公文書   變造 公文書   詐欺取財   偽造私文書   偽刻   偽造   偽造   偽造   偽造私文書   偽造私文書   偽造   變造   偽造   變造   詐欺取財   偽造私文書   詐欺取財   詐欺取財   偽造私文書   偽造私文書   偽刻   偽造   詐欺取財   偽造私文書   詐欺取財   偽造私文書   偽造私文書   變造   偽造   偽造   偽造   偽造私文書   偽造   冒用   詐欺取財   偽造私文書   詐欺取財   變造 公文書   偽造私文書   偽造私文書   偽造 ,2.0,0,偽造文書
  詐欺取財   偽造私文書   偽造   偽刻   偽簽   偽造私文書   偽造   偽造   偽刻   偽造   偽造   偽造 文書   偽造私文書   偽造   詐欺取財   詐欺取財   偽造私文書   偽造 署押   偽造私文書   偽造   偽造   偽造   共同 正犯   詐欺   偽造私文書   偽造私文書   偽造私文書   知所 警惕   偽造   偽造   偽造   偽造私文書 ,0.33,0,偽造文書
  偽造私文書   詐欺取財   盜蓋   偽造   偽造私文書   偽造私文書   詐欺   偽造私文書   偽造私文書   偽造   盜用   偽造   盜蓋   偽造   偽造 ,0.5,0,偽造文書
  偽造 文書   偽造私文書   使 公務員 登載不實   冒用   偽造   偽造   偽簽   盜用   偽造   竊盜   偽造   偽造   偽造私文書   使 公務員 登載不實   盜用   偽造   偽造   使 公務員 登載不實   偽造   偽造   盜用   盜用   偽造私文書   偽造私文書   偽造   偽造   偽造   使 公務員 登載不實   使 公務員 登載不實   偽造私文書   竊盜   累犯   偽造   冒用   偽造   偽造   偽造   偽造   偽造   收受 判決 ,0.25,0,偽造文書
  偽造 車牌   偽造 車牌   偽造 特種文書   偽造 車牌 ,0.16,0,偽造文書
  偽造私文書   偽造 署押   偽簽   冒用   偽簽   偽簽   偽造 文書   偽造 署押   偽造 署押   偽蓋   偽簽   偽簽   偽造 署押   偽造私文書   偽造   偽造 署押   偽簽   偽造   偽造私文書   偽造   偽造   偽造私文書   偽造 署押   偽造私文書   造 私文書   偽造 署押   偽造私文書   假冒   冒名   偽造 署押   偽造   偽造   偽造 ,0.25,0,偽造文書
  詐欺取財   偽造 特種文書   陷於錯誤   偽造 特種文書   偽造公文書   冒用   冒用   詐欺取財   加重其刑   偽造 文書   偽造 文書   偽造   偽造   偽造   偽造   偽造公文書   偽造   偽造公文書   偽造公文書   偽造   偽造   偽造   變造   變造   偽造   冒充   冒充   冒充   冒充   冒充   假冒   偽造   偽造   假冒   偽造公文書   偽造 特種文書   詐欺取財   偽造   偽造公文書   偽造公文書   冒用   偽造   偽造公文書   偽造 特種文書   偽造   偽造   偽造   偽造   偽造   偽造   偽造   偽造   偽造公文書   共同 正犯   共同 正犯   假冒   偽造   偽造   詐欺   詐欺   詐欺取財   偽造   偽造   偽造公文書   特種文書   共同 正犯   偽造 特種文書   詐欺取財   偽造公文書   偽造 特種文書   詐欺取財   偽造公文書   假冒   詐欺取財   偽造   變造   偽造   偽造   偽造   偽造公文書   偽造 ,2.33,0,偽造文書
  變造特種文書   偽造私文書   變造   變造   冒用   偽造   偽造私文書   詐欺取財   詐欺 得利   冒用   陷於錯誤   陷於錯誤   陷於錯誤   偽造   偽造 署押   偽造 署押   偽造私文書   偽造   變造   詐欺取財   詐欺 得利   共同 正犯   偽造   偽造私文書   變造   偽造   變造   偽造   變造   偽造   偽造私文書   偽造私文書   冒用   偽造   變造   偽造 署押   偽造   偽造   變造   偽造 ,0.67,0,偽造文書
  竊取   詐欺取財   偽造私文書   偽造   偽造   偽造   陷於錯誤   詐欺取財   偽造私文書   偽造   偽造   偽造   盜刷   侵入 住宅 竊盜   偽造私文書   詐欺取財   詐欺取財   未遂   詐欺取財   偽造 署押   偽造私文書   偽造私文書   偽造   偽造私文書   詐欺取財   偽造私文書   侵入   侵入 住宅   竊取   偽造 ,1.17,0,偽造文書
  偽造 準私文書   冒用   偽造   偽造私文書   冒用   偽造私文書   偽造 準私文書   偽造私文書   抄襲   偽造 準私文書   偽造私文書   冒用   偽造 準私文書   偽造私文書   偽造 準私文書   偽造私文書   偽造 準私文書   偽造私文書   偽造 準私文書   偽造私文書   冒用   偽造 準私文書   偽造 署押   冒用 ,0.67,0,偽造文書
  偽造私文書   偽簽   偽造私文書   冒用   偽簽   偽造私文書   偽造私文書   偽造   偽造私文書   偽造私文書   偽造私文書   偽造   偽造   偽造 ,0.25,0,偽造文書
  變造 私文書   變造 私文書   變造 私文書   變造   變造 私文書   變造 私文書   累犯   變造 私文書   累犯   累犯   變造 ,0.25,0,偽造文書
  詐欺取財   未遂   詐欺 得利   詐欺取財   陷於錯誤   陷於錯誤   竊盜   竊取   詐欺取財   陷於錯誤   偽造私文書   偽簽   詐欺   偽造 署押   偽造   竊盜   冒用   偽造 署押   偽造   偽造   偽造 署押   冒用   偽造私文書   偽造 署押   偽造 署押   冒用   偽造   偽造   偽造 署押   詐欺取財   未遂   詐欺取財   詐欺取財   詐欺 得利   竊盜   偽造私文書   偽造   偽造私文書   偽造   偽造 署押   詐欺取財   詐欺 得利   詐欺取財   詐欺 得利   詐欺取財   偽造私文書   詐欺取財   偽造私文書   偽造私文書   詐欺取財   詐欺取財   竊盜   偽造 署押   累犯   加重其刑   詐欺取財   不知悔改   詐取   竊取   偽造私文書   偽造 署押   偽造   偽造   偽造私文書   偽造   詐欺取財   偽造   變造   偽造   偽造   偽造   偽造   偽造   侵占   詐欺取財   偽造私文書 ,2.0,0,偽造文書
  偽造私文書   使 公務員 登載不實 事項   偽刻   假冒   偽簽   偽刻   盜蓋   使 公務員 登載不實   偽造私文書   使 公務員 登載不實   使 公務員 登載不實   偽造   偽造   偽造私文書   偽造私文書   偽造私文書   偽刻   偽造   偽造   登載不實   偽造   偽造   偽造私文書   偽造   偽造私文書   偽造 文書   偽造 署名   偽造   偽造   詐欺取財   偽造   變造   偽造   偽造   偽造   偽造   偽造   偽刻   偽造 ,0.25,0,偽造文書
  偽造 文書   偽刻   偽簽   盜蓋   偽造 文書   冒用   偽簽   盜蓋   偽造私文書   偽造私文書   詐欺 得利   偽刻   偽造   盜蓋   偽造私文書   偽造私文書   偽造   詐欺 得利   偽造私文書   偽造私文書   偽造   盜蓋   偽造 署押   冒用   偽造   偽造   偽造   偽造   偽刻 ,0.42,0,偽造文書
  通姦   偽造私文書   使 公務員 登載不實 事項   偽刻   偽造   偽簽   偽造私文書   使 公務員 登載不實   偽造   偽造私文書   偽造私文書   偽造私文書   偽造私文書   偽刻   偽造   偽造私文書   偽造私文書   使 公務員 登載不實文書   偽造私文書   偽造私文書   偽刻   偽造   偽簽   偽造私文書   偽造 文書   偽造   偽造   詐欺取財   偽造   變造   偽造   偽造   偽造   偽造   偽造   偽造私文書   偽造   偽刻   偽造   偽造 ,0.25,0,偽造文書
  偽造 署押   偽造私文書   冒用   偽造   偽造 署押   冒用   偽造 署押   冒用   偽造   偽造 署押   偽造 署押   偽造   假冒   偽造 署名   偽造 ,0.17,0,偽造文書
  竊取   侵占   侵占入己   偽造私文書   偽造   偽造   詐欺取財   未遂   加害 身體   侵占   偽造私文書   詐欺取財   未遂   竊取   竊取   竊取   冒用   冒用   恐嚇 攻擊   偽造 文書   侵占   竊盜   侵占   竊盜   侵占   竊取   侵占   侵入 住宅 竊盜   侵占   竊盜   詐欺取財   未遂   偽造私文書   偽造 署押   偽造私文書   偽造   偽造私文書   偽造私文書   偽造私文書   詐欺取財   未遂   偽造私文書   侵占   竊盜   竊盜   竊盜   竊盜   偽造 文書   竊盜   偽造 文書   累犯   加重其刑   侵占 脫離   冒用   偽造   偽造   偽造   偽造   盜用   偽造   偽造   偽造 ,1.0,0,偽造文書
  竊盜   侵入 住宅   竊取   偽造私文書   詐欺取財   盜用   盜用   偽簽   偽造 署文   陷於錯誤   吐氣 所含 酒精濃度 為 每公升 0.25 毫克   竊盜   不能安全駕駛   吐氣 所含 酒精濃度   每公升 0.25 毫克   侵入 住宅   竊盜   竊盜   偽造私文書   詐欺取財   盜用   盜用   盜蓋   偽造   偽造   偽造私文書   偽造私文書   偽造私文書   偽造私文書   詐欺取財   偽造私文書   不能安全駕駛   加重 竊盜   偽造私文書   竊取   偽造   偽造   偽造   偽造   偽造   盜用   盜用   偽造   盜用   偽造   竊盜   侵入   竊取   竊盜 ,0.75,0,偽造文書
  偽造私文書   使 公務員 登載不實   偽造   偽造   偽刻   盜蓋   偽刻   偽造私文書   使 公務員 登載不實   盜用   偽造 署押   偽造私文書   偽造私文書   偽造私文書   偽造私文書   盜用   偽造   偽造   偽造私文書   盜用   偽簽   偽造   偽造   偽造   盜用   偽造   偽造 ,0.17,0,偽造文書
  詐欺取財   販賣 仿冒 商標 商品   偽造私文書   偽造   仿冒   仿冒   詐欺取財   偽造私文書   偽造   偽造   偽造   偽造 私文罪   詐欺取財   販賣 仿冒 商標   偽造   偽造私文書   陷於錯誤   偽造私文書   詐欺取財   販賣 仿冒 商標   共同 正犯   偽造   偽造   偽造私文書   詐欺取財   販賣 仿冒 商標 商品   偽造私文書   詐欺   仿冒   偽造   偽造   偽造 ,0.42,0,偽造文書
  偽造私文書   偽造   偽造私文書   偽造 文書   偽造 文書   偽造 文書   偽造 文書   偽造   偽造私文書   偽造私文書   偽造私文書   偽造   偽造   偽造私文書   偽簽   偽造私文書   冒用   偽造   偽造   偽造   偽造 ,0.25,0,偽造文書
  偽造私文書   詐欺取財   偽刻   陷於錯誤   偽造私文書   偽造   偽造   詐欺取財   陷於錯誤   偽造私文書   詐欺取財   偽造私文書   詐欺取財   偽造私文書   詐欺取財   偽造   偽造私文書   偽造私文書   偽造   偽造私文書   詐欺取財   詐欺取財   偽造私文書   偽造私文書   詐欺取財   偽造私文書   偽造私文書   詐欺取財   偽造私文書   詐欺取財   偽造私文書   偽刻   偽造   偽造   偽造   偽造   偽造 文書   偽造   偽造   偽造私文書   偽刻   偽造 ,2.0,0,偽造文書
  偽造公文書   詐取 財物   偽造公文書   詐欺取財   假冒   假冒   陷於錯誤   偽造   假冒   陷於錯誤   陷於錯誤   偽造   假冒   陷於錯誤   偽造   偽造   冒用   未遂   加重 詐欺   冒用   詐欺取財   偽造   偽造   偽造 文書   偽造   非 公文書   偽造   冒充   冒充   冒充   冒充   冒用   偽造公文書   詐欺取財   偽造公文書   偽造公文書   偽造公文書   冒充   偽造公文書   冒充   詐欺取財   偽造公文書   偽造公文書   冒充   詐欺取財   偽造公文書   詐欺取財   詐欺取財   偽造公文書   偽造公文書   偽造公文書   冒充   詐欺取財   偽造   偽造   偽造   偽造   偽造   詐欺取財   偽造公文書 ,1.83,0,偽造文書
  偽造 準私文書   冒用   偽造   冒用   偽造 文書   冒用   偽造 準私文書   偽造 私準 文書   偽造 準私文書   偽造   冒用   偽造 準私文書   偽造 準私文書   冒用   知所 警惕   偽造 準私文書   偽造   偽造 準私文書 ,0.17,0,偽造文書
  偽造 準私文書   冒用   偽造   偽造 準私文書   偽造 準私文書   偽造 準私文書   偽造 準私文書   偽造   冒用   偽造 準私文書   偽造 準私文書   冒用 ,0.25,0,偽造文書
  公然侮辱   公然侮辱   偽造 準私文書   冒名   偽造 準私文書   公然侮辱   冒用   侮辱   公然侮辱   公然侮辱   公然侮辱   公然侮辱   公然侮辱 ,0.38,0,偽造文書
  偽造私文書   使 公務員 登載不實   偽造   盜用   偽造私文書   偽造私文書   偽造私文書   偽造私文書   使 公務員 登載不實   偽造私文書   累犯   加重其刑   冒用   偽造私文書   使 公務員 登載不實   偽造   偽造私文書   偽造   偽造   偽造   偽造 ,0.33,0,偽造文書
  偽造   偽造   偽造私文書   偽造 特種文書   偽造 署押   偽造私文書   偽造私文書   偽造私文書   偽造私文書   偽造 特種文書   非法入境   偽造私文書   偽造 特種文書   偽造   使 公務員 登載不實   使 公務員 登載不實   偽造 特種文書   偽造 特種文書   偽造 特種文書   偽造   非法入境   替代 剝奪   偽造   偽造 文書   偽造   偽造   偽造私文書   偽造   偽造   偽造   偽造   偽造   偽造   偽造   偽造 ,0.25,0,偽造文書
  偽造 特種文書   偽造 特種文書   偽造 特種文書   偽造   偽造 ,0.17,0,偽造文書
  偽造 特種文書   偽造 特種文書   偽造 特種文書   偽造   偽造 ,0.17,0,偽造文書
  偽造私文書   使 公務員 登載不實   冒用   盜蓋   偽造   偽造   冒用   盜蓋   偽造   偽造   使 公務員 登載不實   冒用   偽造私文書   偽造私文書   使 公務員 登載不實   盜用   偽造私文書   偽造私文書   偽造私文書   偽造私文書   使 公務員 登載不實   盜蓋   偽造   偽造私文書   使 公務員 登載不實   偽造   偽造   盜用   偽造   盜用   偽造   偽造私文書 ,0.58,0,偽造文書
  偽造私文書   偽造   竊盜   可 供 凶器 使用 之 扳手   竊取   偽造   偽造 署押   偽造 署名   偽造   偽造私文書   偽造 署押   偽造私文書   偽造私文書   偽造私文書   竊取   偽造   竊取   行竊 ,0.58,0,偽造文書
  偽造私文書   冒用   偽造   偽造   偽造私文書   偽造   偽造 文書   偽造 署押   冒用   偽造   偽造 署押   偽造   偽造 文書   偽簽   偽造 文書   偽造 署押   偽造 文書   偽造 署押   偽簽   偽造   冒用   偽造 署押   偽簽   偽造私文書   偽造 署押   偽造私文書   偽造私文書   偽造私文書   偽造   冒用   偽造私文書   偽造   偽造   偽造   偽造   偽造私文書   偽造私文書   偽造   偽造私文書   偽造 署押   累犯   冒用   偽造   偽造 ,0.5,0,偽造文書
  侵入 住宅   侵入   竊盜   侵入   竊取   變造 公文書   變造   變造   陷於錯誤   偽造公文書   變造 公文書   變造 公文書   侵入 住宅 竊盜   變造 公文書   詐欺取財   變造 公文書   變造 公文書   變造 公文書   搶奪   累犯   加重其刑   竊取   竊盜   詐欺   變造   變造   詐欺   侵入 住宅   變造 公文書   詐欺取財   竊盜 ,1.33,0,偽造文書
  偽造私文書   偽造   偽造   偽造   偽造   偽造私文書   偽造   偽造   偽造私文書   偽造私文書   變造 私文書   偽造私文書   偽造   偽造私文書   偽造私文書   偽造   逃避 關稅   偽造   偽造 ,0.33,0,偽造文書
  竊取   假冒   偽簽   陷於錯誤   竊盜   偽造私文書   詐欺取財   竊取   竊盜   盜刷   盜刷   盜刷   盜刷   偽簽   竊取   盜刷   竊取   竊取   竊盜   竊取   竊盜   偽簽   偽造私文書   竊盜   偽造私文書   詐欺取財   偽造   偽造私文書   偽造私文書   偽造私文書   偽造私文書   偽造私文書   詐欺取財   偽造私文書   竊盜   竊盜   竊盜   竊盜   行竊   竊盜   竊盜   減輕其刑   竊取   竊取   偽造私文書   竊盜   未遂   偷竊   偷竊   竊取   盜刷   偽造   偽造   偽造私文書 ,0.5,0,偽造文書
  詐欺取財   陷於錯誤   詐欺取財   詐欺取財   自首   接受裁判   變造   詐欺取財   變造 準 公文書   變造   變造   陷於錯誤   詐欺取財   變造 準 公文書   變造   變造   變造   陷於錯誤   偽造私文書   侵占   變造   變造   捏造 構陷   詐欺取財   詐欺   侵入   竊盜   未遂   詐欺取財   詐欺取財   陷於錯誤   詐欺取財   詐欺取財   使 公務員 登載不實   詐欺取財   正犯   變造 準 公文書   詐欺取財   變造   變造   變造   偽造 文書   正犯   變造   冒用   未遂   詐欺取財   變造 公文書   變造   共同 正犯   共同 正犯   共同 正犯   共同 正犯   詐欺取財   變造   變造 準 公文書   變造   變造 準 公文書   陷於錯誤   詐欺取財   變造 準 公文書   變造 準 公文書   變造 準 公文書   變造 準 公文書   詐欺取財   變造 準 公文書   詐欺取財   變造 準 公文書   詐欺取財   詐欺取財   共同 正犯   使 公務員 登載不實   共同 正犯   變造   變造 準 公文書   詐欺取財   詐欺取財   詐欺取財   使 公務員 登載不實   變造 準 公文書   贓物   累犯   加重其刑   變造 準 公文書   毫無悔過   使 公務員 登載不實   詐欺取財   變造 準 公文書   詐欺取財 ,1.33,0,偽造文書
  詐欺取財   偽造私文書   偽造   陷於錯誤   偽造   偽造 文書   偽造   偽造私文書   偽造   偽造私文書   偽造私文書   詐欺取財   偽造私文書   偽造私文書   共同 正犯   偽造私文書   詐欺取財   偽造私文書   偽造私文書   偽造 ,0.42,0,偽造文書
  偽造私文書   詐欺取財   偽造   偽造   偽造私文書   詐欺取財   偽造   陷於錯誤   詐欺取財   偽造私文書   詐欺取財   偽造私文書   詐欺取財   偽造私文書   偽造私文書   偽造私文書   偽造私文書   詐欺取財   偽造私文書   偽造私文書   詐欺取財   偽造私文書   詐欺取財   偽造私文書   偽造私文書   累犯   加重其刑   累犯   冒用   偽造   偽造   偽造   偽造私文書   偽造   偽造 署押   偽造   變造 文書   登載不實   登載不實   偽造   變造 私文書 ,0.33,0,偽造文書
  偽造私文書   詐欺取財   假冒   盜蓋   詐欺取財   詐欺取財   假冒   偽造私文書   偽造   詐欺   冒用   偽造私文書   詐欺取財   詐欺取財   詐欺取財   偽造私文書   偽造私文書   詐欺取財   偽造私文書   詐欺取財   詐欺取財   偽造   偽造   偽造   偽造私文書   詐欺   偽造私文書   非 無 悔意   知所 警惕   偽造   假冒   偽造   偽造   偽刻   偽刻   偽造 署名   偽造私文書   偽造 文書   偽造 文書   偽造   偽造私文書   偽造私文書   詐欺取財 ,1.0,0,偽造文書
  偽造公文書   偽刻   盜蓋   偽簽   偽簽   偽造   偽造公文書   偽造公文書   偽造 文書   偽造 文書   偽造   偽刻   偽造   偽造   偽造   偽造公文書   偽造公文書   偽刻   偽刻   偽造   偽造   偽造公文書   偽造公文書   偽造公文書   偽造公文書   深具 悔意   偽造   偽造   偽造   偽刻 ,1.5,0,偽造文書
  詐欺   偽造私文書   變造特種文書   變造 國民身分證   冒用   偽簽   偽造   變造   陷於錯誤   冒用   偽造 文書   變造 文書   偽造   變造   冒用   偽造   變造   變造   偽造   變造   詐欺取財   偽造私文書   變造特種文書   變造   偽造   偽造 署押   偽造私文書   偽造私文書   偽造   變造   變造   變造特種文書   冒名   偽造私文書   詐欺   偽造 文書   加重其刑   冒用   偽造私文書   詐欺取財   偽造   偽造   偽造   偽造   變造 ,0.58,0,偽造文書
  偽造私文書   偽造   偽造   冒名   偽造   偽造   冒名   偽造私文書   偽造   偽造 文書   偽造   偽造私文書   偽造私文書   冒名   偽造   偽造   偽造 ,0.25,0,偽造文書
  右膝 扭挫傷   偽造私文書   詐欺取財   偽造   偽造   偽造   陷於錯誤   偽造   詐欺   詐欺取財   偽造   偽造私文書   偽造私文書   偽造私文書   詐欺取財   偽造私文書   自首   自首   自首   減輕其刑   詐欺   偽造   偽造   偽造 ,0.25,0,偽造文書
  不能安全駕駛   騎乘 車號 000 - 000 號 普通 重型 機車 上路   發生 碰撞   吐氣 酒精濃度 為 每公升 0.79 毫克   偽造 署押   偽造私文書   偽造   酒醉駕車   偽造   偽造 署押   偽造 署押   冒用   偽造私文書   偽造 署押   偽造 署押   偽造 署押   偽造 署押   偽造私文書   偽造私文書   偽造 署押   偽造 署押   偽造私文書   偽造私文書   偽造私文書   呼氣 酒精濃度 達 每公升 0.79 毫克   冒用   冒名   偽造 ,0.42,0,偽造文書
  竊盜   竊取   變造特種文書   變造   變造   變造特種文書   變造 車牌   竊盜   變造特種文書   變造 文書   偽造   變造   變造 車牌   特種文書   變造特種文書   變造特種文書   變造   偽造 特種文書   竊盜   累犯   加重其刑   竊取   變造 機車車牌   變造 ,0.5,0,偽造文書
  偽造私文書   偽刻   偽造   偽造   偽刻   偽造   偽造私文書   偽造私文書   偽蓋   偽造私文書   偽刻   偽造   偽造   偽造   偽造   偽造   偽造私文書   偽造   偽造   偽造私文書   偽造 文書   偽造   偽造私文書   偽造   偽造私文書   冒用   假冒   偽造   偽造   偽造私文書   偽造   偽造   偽造   偽造私文書   偽造私文書   偽造   偽刻   偽造   偽造 署名   偽造私文書   偽造   偽造   偽刻   偽造   偽造   偽造私文書   偽造   偽造 署名   偽刻   偽造 ,0.33,0,偽造文書
  偽造私文書   偽簽   盜蓋   偽造   偽造私文書   偽造   偽造   偽造   偽刻   偽刻   偽簽   盜蓋   盜用   盜蓋   盜用   盜用   盜用   偽造私文書   偽造   盜蓋   偽造私文書   偽造私文書   偽造私文書   偽造私文書   偽造   偽造私文書   知所 警惕   偽造   偽造私文書   偽造   偽造   偽造   盜用   偽造 印章   偽造   偽造   偽造   盜蓋   盜蓋   盜蓋   詐欺   偽造   陷於錯誤   詐欺   偽造   詐欺取財   詐欺取財   未遂   偽造   陷於錯誤   偽造 租賃   偽造私文書   偽造 ,0.33,0,偽造文書
  偽造公文書   冒用   詐欺取財   偽造   偽造   偽造   假冒   偽造   偽造   偽造   偽造   冒用   偽造   偽造   偽造   偽造   偽造 文書   偽造   偽造   偽造   詐欺   冒用   冒用   詐欺   共同 正犯   共同 正犯   共同 正犯   共同 正犯   冒用   偽造公文書   冒用   詐欺取財   共同 正犯   偽造公文書   偽造   偽造   偽造公文書   偽造   偽造公文書   偽造   偽造公文書   冒用   冒用   詐欺取財   冒充   冒充   累犯   加重其刑   偽造公文書   偽造   偽造   偽造   偽造   偽造   偽造   偽造   偽造   偽造   偽造   偽刻   偽造   偽造 ,1.33,100000,偽造文書
  偽造私文書   偽刻   冒用   偽造   偽造   偽造   偽造   詐欺   偽造 文書   偽造   偽造   偽造私文書   正犯   共同 正犯   共同 正犯   共謀 共同 正犯   冒用   偽造   偽造私文書   共同 正犯   偽造   偽造 印章   偽造   偽造私文書   偽造   偽造私文書   偽造私文書   偽造私文書   冒用   偽造   偽刻   偽造   偽造   偽造   偽造   偽造   偽造   正犯 ,0.33,0,偽造文書
  偽造私文書   偽簽   未經許可 入境   偽造   偽造 文書   變造 文書   變造   變造特種文書   使 公務員 登載不實   使 公務員 登載不實   偽造   變造   冒用   冒領   偽造私文書   未經許可 入國   偽造   偽造私文書   偽造私文書   偽照   偽造私文書   偽造 文件   偽造   偽造   偽造   偽造 ,0.17,0,偽造文書
  竊取   竊取   偽造私文書   冒充   偽簽   陷於錯誤   陷於錯誤   冒充   偽簽   偽造   陷於錯誤   陷於錯誤   詐欺取財   陷於錯誤   竊盜   偽造私文書   詐欺取財   詐欺取財   詐欺取財   竊取   竊盜   偽簽   偽造私文書   詐欺取財   偽造   偽造私文書   偽造私文書   偽造私文書   偽造私文書   偽造私文書   偽造私文書   詐欺取財   偽造   陷於錯誤   詐欺取財   共同 正犯   竊盜   偽造私文書   竊盜   貪圖 小利   竊取   偽造私文書   詐欺取財   偽造私文書   詐欺取財   偽造   偽造   偽造   竊盜   竊盜   詐欺   偽造私文書 ,1.83,0,偽造文書
  盜用   偽造私文書   偽造 文書   盜蓋   偽造   偽造私文書   偽造私文書   偽造私文書   偽造私文書   偽造私文書   偽造私文書   盜用   偽造私文書   偽造私文書   偽造私文書   偽造   知所 警惕 ,0.17,0,偽造文書
  偽造私文書   偽造私文書   偽簽   盜蓋   盜用   偽造   授權 承諾書   偽造   偽造私文書   盜刻   偽造   偽造 文書   偽造   偽造私文書   偽造   盜用   偽造   偽造私文書   偽造私文書   偽造私文書   偽造私文書   偽造   偽造私文書   偽造   偽造 署押   偽造   冒用   偽造私文書   偽造   偽造 署押   偽造   偽造   盜用   詐欺   偽造   偽造   偽造   偽造   偽造   偽造   偽造   盜用   盜用   盜刻   盜刻   盜刻 ,0.17,0,偽造文書
  竊盜   偽造   竊盜   竊取   偽造   偽造私文書 ,0.33,0,偽造文書
  偽造   竊取   冒用   盜刷   竊盜   竊盜   偽造私文書   詐欺取財   未遂   偽造   偽造 ,0.25,0,偽造文書
  駕駛 車牌號碼 000 - 0000 號 自用 小客車   偽造   偽造私文書   偽造   偽造私文書   偽造私文書   偽造私文書   偽造私文書   偽造私文書   偽造 署押   偽造私文書   偽造私文書   累犯   累犯   加重其刑   累犯   加重其刑   偽造 ,0.5,0,偽造文書
  偽造私文書   偽造   偽簽   偽造   偽造   偽造私文書   詐欺取財   偽造   陷於錯誤   偽造私文書   詐欺取財   偽造   偽造   偽造私文書   偽造   偽造私文書   偽造   詐取 財物   偽造   陷於錯誤   偽造私文書   詐欺取財   偽造私文書   偽造   偽造   偽造   偽造   偽造   偽造 ,0.5,0,偽造文書
  偽造私文書   偽造   偽造   偽造   偽造   偽造   偽造   偽造   偽造   偽造   偽造私文書   偽造   偽造   偽造私文書   偽造私文書   偽刻   偽造   偽造   偽造私文書   偽造   偽造私文書   偽造私文書   偽造私文書   偽造私文書   偽造   偽造私文書   偽造私文書   偽造   偽造   偽造   偽造   偽造   偽造   偽造   偽造   偽造 ,0.67,0,偽造文書
  偽造私文書   冒用   偽造   偽造   偽造 署押   偽簽   偽簽   偽造   偽造私文書   偽造 署押   偽造私文書   偽造私文書   偽造私文書   偽造私文書   冒用   偽造   偽造   偽造私文書   偽造   偽造   偽造   偽造 ,0.17,0,偽造文書
  竊盜   竊取   詐欺取財   盜刷   偽造私文書   偽簽   偽造   詐欺取財   盜刷   陷於錯誤   詐欺取財   偽造私文書   偽簽   偽造   陷於錯誤   盜刷   盜刷   盜刷   盜刷   盜刷   盜刷   盜刷   盜刷   盜刷   盜刷   盜刷   盜刷   盜刷   盜刷   盜刷   盜刷   偽造   陷於錯誤   陷於錯誤   竊盜   詐欺取財   詐欺取財   偽造私文書   詐欺取財   詐欺取財   偽造私文書   詐欺取財   詐欺取財   詐欺取財   詐欺取財   未遂   詐欺取財   未遂   偽造私文書   共同 正犯   偽造   偽造   偽造私文書   偽造私文書   偽造私文書   偽造私文書   竊取   竊盜   竊取   竊取   竊盜   竊盜   竊盜   詐欺取財   偽造私文書   詐欺取財   竊盜   詐欺取財   詐欺取財   偽造私文書   詐欺取財   偽造私文書   偽造私文書   竊盜   侵占   累犯   加重其刑   竊盜   盜刷   共同 侵權   共同 正犯   詐欺取財   偽造私文書   盜刷   盜刷   盜刷   偽造私文書   竊取   偽造   偽造 ,2.33,0,偽造文書
  贓物   贓物   贓物   買 贓物   偽造私文書   贓物   竊取   贓物   贓物   竊盜   竊取   偽造私文書   偽造私文書   偽造   偽造   偽造   偽造   偽造   偽造   收受 贓物   故買贓物   故買贓物   偽造私文書   偽造   偽造 文書   偽造   偽造 文書   偽造   偽造   偽造   贓物   偽造   偽造私文書   贓物   竊盜   偽造   偽造私文書   偽造   偽造 文書   偽造   偽造私文書   偽造   偽造私文書 ,0.67,0,偽造文書
  詐欺取財   偽造公文書   偽造   陷於錯誤   偽造   未遂   累犯   自首   詐欺取財   共同 正犯   偽造私文書   偽造公文書   詐欺取財   偽造公文書   偽造私文書   偽造公文書   詐欺取財   偽造公文書   偽造   變造 公文書   偽造   變造 文書   偽造   偽造   偽造   深具 悔意   偽造   偽造   偽造   偽造 ,0.83,0,偽造文書
  詐欺取財   偽造公文書   偽造   偽造   偽造   偽造   累犯   自首   共同 正犯   偽造私文書   偽造公文書   詐欺取財   偽造公文書   偽造私文書   偽造公文書   詐欺取財   偽造公文書   偽造   偽造   偽造 ,0.5,0,偽造文書
  偽造公文書   偽造   詐欺取財   詐欺 得利   偽造   偽造   偽造   偽造   偽造   偽造   偽造   偽造   偽造   偽造   偽造   偽造   偽造   偽造   偽造   偽造   偽造   偽造 證書   偽造   偽造   偽造   偽造公文書   詐欺取財   詐欺 得利   偽造公文書   累犯   詐欺   侵占   侵占   偽造 文書   累犯   加重其刑   偽造私文書   偽造   偽造   偽造   偽造 ,1.83,0,偽造文書
  偽造公文書   偽造私文書   詐欺取財   偽造   偽刻   偽造   偽造   陷於錯誤   詐欺取財   詐欺   冒用   未遂   冒用   偽造私文書   偽造公文書   詐欺取財   偽造 文書   詐欺   偽造公文書   偽造公文書   偽造   偽造 印文   偽造私文書   偽造私文書   偽造私文書   詐欺取財   偽造公文書   偽造私文書   偽造公文書   偽造公文書   偽刻   偽造   偽造   偽造公文書   偽造公文書   偽造   偽造   偽造   詐欺取財 ,0.5,0,偽造文書
  偽造私文書   詐欺   偽造   偽造   侵占   偽造私文書   詐欺取財   偽造   偽造   偽造私文書   偽造   偽簽   偽造私文書   詐欺取財   偽造私文書   侵占   偽造私文書   偽造   偽造   偽造   冒用 ,0.25,0,偽造文書
  冒用   偽造   陷於錯誤   詐欺取財   詐欺取財   陷於錯誤   詐欺取財   陷於錯誤   偽填 準私文書   冒標   偽造 準私文書   詐欺取財   偽造   偽造 準私文書   偽造 準私文書   偽造 準私文書   詐欺取財   加重其刑   詐欺取財   偽造 準私文書   偽造 準私文書   不得 予以 減刑   偽造   偽造 ,0.25,0,偽造文書
  冒用   冒用   偽造   偽造   陷於錯誤   冒用   偽造私文書   詐欺   冒用   偽造   偽造   陷於錯誤   冒用   偽造私文書   詐欺   冒用   偽造   偽造   陷於錯誤   冒用   偽造私文書   詐欺取財   冒用   詐欺 得利   冒用   偽造私文書   詐欺取財   詐欺 得利   偽造   偽造私文書   偽造   偽造   偽造私文書   偽造   偽造私文書   偽造私文書   冒用   偽造   偽造   偽造私文書   冒用 ,0.58,0,偽造文書
  施用 第三級毒品   偽造私文書   冒用   偽造   偽造   偽造私文書   冒用   偽造   偽造   偽造   偽造 署押   偽造私文書   偽造 署押   偽造 署押   偽造私文書   偽造私文書   偽造   偽造私文書   累犯   加重其刑   偽造 署押   偽造   偽造 ,0.58,0,偽造文書
  竊取   偽造私文書   冒充   偽造   偽造   偽造   偽造公文書   詐欺取財   冒充   偽造   陷於錯誤   偽造   偽造   自首   冒用   冒用   共同 正犯   共同 正犯   共同 正犯   共同 正犯   偽造 署押   偽造 署名   偽造   偽造 文書   偽造 署押   偽造 文書   詐欺取財   偽造 文書   偽造 文書   偽造   非 公文書   偽造   偽造   偽造   偽造   偽造   偽造   偽造   偽造   偽造   竊盜   偽造私文書   詐欺取財   偽造 署押   偽造私文書   偽造私文書   偽造私文書   偽造私文書   詐欺取財   加重其刑   竊盜   偽造私文書   偽造私文書   偽造公文書   詐欺取財   偽造 公印文   偽造公文書   偽造公文書   偽造   偽造公文書   詐欺取財   偽造公文書   詐欺取財   偽造公文書   偽造私文書   偽造公文書   竊取   冒用   共同 正犯   共同 正犯   偽造   盜刷   偽造   偽造   偽造公文書   偽造公文書   偽造公文書   偽造公文書   偽造   偽造   偽造   偽造   偽造   偽造   偽刻   偽造   偽造   偽造 ,1.58,0,偽造文書
  詐欺取財   偽造私文書   逃漏 稅捐   陷於錯誤   偽刻   偽造   偽造   陷於錯誤   偽刻   偽造   偽造   偽造   詐欺取財   偽造私文書   偽造   偽刻   偽造私文書   偽造私文書   偽造   偽刻   偽造   逃漏 稅捐   詐欺取財   偽造私文書   偽造私文書   偽造私文書   逃漏 稅捐   偽造   逃漏 稅捐   假冒   偽造   逃漏 稅捐   偽刻   偽造   偽造   偽刻   偽造 文書   偽造   偽造 ,0.67,0,偽造文書
  偽造私文書   冒用   偽造   偽造   偽造   偽造 署押   偽造私文書   偽造 署押   偽造 署押   偽造私文書   偽造私文書   偽造   累犯   加重其刑   偽造 署押   偽造   偽造 ,0.33,0,偽造文書
  恐嚇取財   竊盜   竊盜   竊盜   搶奪   施用 毒品   不知悔改   竊盜   竊取   偽造私文書   詐欺取財   假冒   攜帶兇器 竊盜   竊盜   偽造 署押   偽造 署名   偽造   偽造 署押   偽造 文書   兇器 竊盜   偽造私文書   詐欺取財   詐欺取財   未遂   偽造 署押   偽造私文書   偽造私文書   偽造私文書   詐欺取財   偽造私文書   盜刷   偽造私文書   詐欺取財   未遂   累犯   累犯   累犯   累犯   竊取   行竊   冒用   盜刷   偽造   竊盜 ,0.42,0,偽造文書
  偽造私文書   詐欺取財   偽造   偽造私文書   偽造私文書   偽造私文書   偽造私文書   偽造   偽造私文書   冒用   達成和解   偽造   偽造   偽造 ,0.25,0,偽造文書
  偽造私文書   使 公務員 登載不實   盜蓋   偽造私文書   偽造私文書   偽造   偽造 署押   偽造私文書   使 公務員 登載不實   偽造私文書   偽造   偽造   偽造 ,0.25,0,偽造文書
  偽造私文書   偽造   偽造私文書   偽造私文書   偽造   冒用   偽造   偽造 ,0.25,0,偽造文書
  竊盜   偽造私文書   詐欺取財   偽造   偽造私文書   偽造私文書   偽造   盜刷   偽造私文書   詐欺取財   偽造私文書   竊盜   偽造私文書   竊取   冒用   盜刷   竊取   偽造私文書   偽造私文書   剝奪 財產   偽造   偽造 ,0.37,0,偽造文書
  冒用   偽造 署押   偽造私文書   偽簽   偽造   偽造   偽造 署押   偽造   偽造   冒名   偽造 署押   冒用   偽造私文書   偽造 署押   偽造 署押   偽造 署押   偽造私文書   偽簽   偽造 署押   偽造   偽造私文書   偽造私文書   偽造   偽造 署押   偽簽   偽造 署押   偽造 署押   偽造私文書   偽造 署名   偽造私文書   偽造私文書   偽造私文書   偽造 署押   偽造私文書   偽造 署押   偽造私文書   累犯   加重其刑   冒用   偽造 署名   偽造   偽造   變造 私文書   偽造   變造 文書   使 登載不實   偽造   盜用   偽造   盜用   偽造 署押   偽造 署押   偽造   偽造 署押   偽造   偽造 署押   偽造   偽造   偽造   偽造   偽造 私文   偽造 ,0.42,0,偽造文書
  偽造   變造特種文書   變造   變造特種文書 ,0.08,0,偽造文書
  偽造 文書   冒用   詐欺取財   詐欺 得利   偽造 準私文書   偽造 準私文書   偽造私文書   詐欺 得利   偽造 準私文書   偽造 準私文書   詐欺 得利   竊取   竊盜 ,0.63,0,偽造文書
  冒用   侵占   冒名   冒用   偽造私文書   詐欺取財   詐欺 得利   冒用   偽造私文書   累犯   共同 正犯   共同 正犯   共同 正犯   共同 正犯   共同 正犯   共同 正犯   共同 正犯   共同 正犯   加重其刑   詐欺取財   詐欺 得利   偽造私文書   詐欺取財   偽造   偽造   偽造私文書   偽造私文書   詐欺取財   加重其刑   偽造私文書   詐欺取財   偽造私文書   冒用   冒用   偽造私文書   詐欺 得利   冒用   偽造私文書   詐欺 得利   冒用   偽造 準私文書   詐欺 得利   偽造私文書   詐欺取財   詐欺 得利   冒用   偽造   偽造   偽造   偽造   偽造   偽造   偽造私文書   偽造   偽造   偽造私文書   冒用   偽造私文書   詐欺取財   詐欺 得利   偽造   冒用   偽造私文書   詐欺取財   詐欺 得利   冒名   詐欺取財   詐欺 得利   偽造私文書   詐欺取財   詐欺 得利   偽造私文書   偽造   偽造 文書   冒用   共同 正犯   共同 正犯   偽造   偽造 ,1.0,0,偽造文書
  偽造   偽造   偽造   偽造   偽造   偽造 ,0.08,0,偽造文書
  竊盜   竊取   接受裁判   竊盜   竊取   接受裁判   偽造 準私文書   冒用   竊盜   偽造 準私文書   偽造 準私文書   偽造 準私文書   偽造 準私文書   偽造 準私文書   竊盜   偽造 準私文書   累犯   加重其刑   竊取   接受裁判   自首   減輕其刑   自首   竊取   竊取   自首   竊取   自首   竊取   自首   竊取   竊取 ,1.75,0,偽造文書
  偽造私文書   偽造   偽造   偽造私文書   詐欺 得利   詐欺 得利   詐欺取財   偽造 署押   偽造私文書   偽造私文書   偽造   偽造私文書   偽造私文書   詐欺 得利   偽造私文書   侵占   偽造私文書   詐欺 得利   盜刷   偽簽   偽造   偽造 ,0.5,0,偽造文書
  詐欺取財   登載不實文書   虛偽 登載   虛偽 登載   累犯   正犯   共同 正犯   共同 正犯   累犯   累犯   累犯   累犯   詐欺取財   登載不實   登載不實   業務 登載不實文書   詐欺取財   詐欺取財   共同 正犯   共同 正犯   登載不實   登載不實文書   偽造   偽造私文書   偽造   偽造   偽造 文書   累犯   加重其刑   詐欺   偽造 文書   不得 減刑   不能 坐享   共同 正犯 ,0.42,0,偽造文書
  偽造私文書   偽造私文書   詐欺取財   偽造私文書   偽造   冒名   偽造私文書   盜辦   盜辦   盜辦   盜辦   盜辦 門號   冒名   冒名   陷害   誣陷   偽造私文書   詐欺取財   偽造私文書   詐欺取財   偽造私文書   冒用   毫無悔意   偽造   偽造私文書   偽造   偽造私文書   偽造 署押   偽造私文書   偽造 署押   偽造私文書   偽造   偽造私文書   偽造 署押   偽造私文書 ,0.5,0,偽造文書
  偽造私文書   冒用   偽造   偽造   偽造   冒用   偽造 署押   偽造   偽造   偽造 文書   偽簽   偽簽   偽簽   偽造   偽造   偽造私文書   偽造私文書   偽造   偽造私文書   偽造私文書   偽造   偽造   偽造私文書   冒用   欺 矇   偽造 ,0.17,0,偽造文書
  登載不實文書   登載不實   深表悔悟 ,0.17,0,偽造文書
  偽造私文書   偽造 署押   偽造私文書   偽造 署押   偽造   偽造   偽簽   偽造   偽造私文書   偽造   偽造   偽造私文書   偽造   偽造私文書   偽造 署押   偽造 署押   偽造私文書   偽造 署押   偽造私文書   偽造私文書   偽造 署押   偽造私文書   偽造   偽造 署押   偽造 署押   偽造私文書   偽造私文書   偽造   冒用   偽造 署押   偽造   提出 上訴 ,0.33,0,偽造文書
  偽造私文書   冒用   偽簽   偽造私文書   冒用   偽簽   偽簽   偽造   偽造   偽造私文書   偽造私文書   偽簽   偽造私文書   偽造私文書   偽造   偽造私文書   自首   自首   偽造私文書   接受裁判   偽造私文書   自首 減刑   冒用   偽簽 署名   自首   偽造   偽造   偽造   偽造   偽造   詐欺取財   陷於錯誤   陷於錯誤   詐欺   偽造   詐欺   詐欺取財 ,0.5,0,偽造文書
  酒後駕車   偽造 署押   偽造私文書   冒用   偽造   偽造   偽造   偽造 署押   冒用   偽造 署押   偽造   偽造   偽簽   偽簽   偽造   偽造 文書   偽造 署押   偽造 文書   偽造 署押   冒用   偽造 署押   偽造   偽造   偽造私文書   偽造 署押   偽造私文書   偽造私文書   偽造   偽造   偽造 署押   偽造私文書   偽造私文書   偽造私文書   偽造 署押   偽冒   偽造 署押   偽造私文書   偽造 署押   偽造私文書   偽造私文書   偽造   偽造   偽造   偽造   冒用   偽造 ,0.25,0,偽造文書
  詐欺取財   偽造私文書   偽簽   陷於錯誤   陷於錯誤   偽造私文書   詐欺取財   盜刷   盜刷   偽簽   詐欺取財   偽簽   偽造私文書   詐欺取財   偽簽   偽造私文書   偽造私文書   偽造私文書   盜刷   盜刷   盜刷   盜刷   偽造私文書   詐欺取財   盜刷   偽造私文書   詐欺取財   偽造私文書   詐欺取財   偽造私文書   偽造私文書   累犯   累犯   偽造私文書   加重其刑   盜刷   盜刷   偽造   偽造   偽造   偽造 ,0.75,0,偽造文書
  偽造 文書   竊盜   竊盜   竊取   竊取   偽造私文書   偽造 署押   偽造   偽造   冒用   竊盜   偽造 文書   竊盜   偽造 署押   偽造 署押   偽造   偽造   偽造 文書   偽造 署押   偽造私文書   偽造 署押   偽造私文書   偽造 署押   偽造私文書   偽造私文書   偽造私文書   偽造 署押   偽造私文書   偽造 署押   偽造私文書   偽造   偽造私文書   偽造私文書   偽造私文書   機車 竊盜   冒名   偽造 署押   偽造私文書   偽造 署押   偽造私文書   偽造私文書   竊盜   偽造私文書   累犯   加重其刑   竊盜   偽造 文書   累犯   盜用   冒用   偽造   偽造私文書   偽造   偽造   偽造   偽造私文書   竊盜 ,0.58,0,偽造文書
  傷害   偽造 文書   偽造   使 公務員 登載不實   使 公務員 登載不實   使 公務員 登載不實   使 公務員 登載不實   累犯   加重其刑 ,0.5,0,偽造文書
  偽造   偽造   偽造   偽造   偽造   偽造   偽造   偽造 特種文書   偽造   偽造   偽造 車牌   偽造   偽造   偽造   偽造 ,0.08,0,偽造文書
  偽造 準私文書   詐欺取財   偽造 準私文書   偽造 準私文書   詐欺取財   偽造 準私文書   偽造 準私文書   詐欺取財 ,2.0,0,偽造文書
  偽造 文書   侵占   竊盜   竊盜   竊盜   竊盜   不知悔改   侵占   侵占入己   詐欺取財   偽造私文書   偽刻   侵占   偽刻   偽刻   偽造   偽造   侵占   詐欺取財   偽造私文書   偽造   侵占   侵占   假冒   偽造私文書   詐欺取財   偽刻   偽造   偽造   偽造   偽造   偽造 文書   偽造   偽造   偽造   偽造   偽造   偽造私文書   偽造   陷於錯誤   偽造私文書   詐欺取財   偽造私文書   偽造私文書   侵占   偽造私文書   詐欺   偽造私文書   累犯   侵占   累犯   詐欺   偽造 文書   侵占入己   偽造   偽造   偽刻 ,0.42,0,偽造文書
  詐欺取財   偽造私文書   陷於錯誤   詐欺取財   偽造私文書   偽造   偽刻   偽造   偽造   偽造   偽造私文書   偽造   詐欺取財   偽造私文書   偽造   偽造   偽造   偽造   偽造私文書   偽造   偽造   偽造私文書   偽造 特種文書   偽刻   偽造   偽刻   偽造   偽造   偽造   偽造   偽造   偽造   偽造   偽造   偽造私文書   詐欺取財   詐欺取財   偽造   偽造私文書   偽造 特種文書   詐欺取財   偽造   偽造   偽造私文書   偽造 特種文書   偽造私文書   詐欺取財   偽造私文書   詐欺   詐欺   偽造私文書   偽造私文書   偽造私文書   偽造   偽造   詐欺取財   偽造私文書   詐欺   不知悔改   詐欺取財   偽造私文書   偽造   偽造   偽造   偽造   偽造   盜刻   偽造   偽造   達成和解 ,0.75,0,偽造文書
  偽造   偽造公文書   偽造公文書   冒用   偽造公文書   偽造公文書   偽造公文書   偽造公文書   偽造公文書   偽造   偽造   偽造   偽造 ,1.67,0,偽造文書
  偽造私文書   詐欺取財   幫助詐欺   冒簽   偽造   偽造   陷於錯誤   偽造   詐欺取財   冒簽   陷於錯誤   偽造私文書   詐欺取財   偽造 署押   偽造私文書   偽造私文書   偽造   詐欺取財   詐欺取財   偽造私文書   冒簽   偽造   冒簽   偽造   偽造私文書   偽造   偽造   偽造   偽造   偽造 ,0.25,0,偽造文書
  呼氣 中 酒精濃度 達 每公升 0.96 毫克   酒後駕車   冒用   偽造 署押   冒名   偽造私文書   偽造   酒後駕車   冒用   偽造   偽造   偽造   偽造   偽造私文書   偽簽   偽造 署押   偽造   偽造 署押   偽造   偽造 署押   偽造   偽造   偽造 署押   偽造   偽造 署押   偽造   偽造私文書   偽造   偽造   偽造私文書   偽造   偽造 署押   偽造私文書   偽造私文書   偽造   冒用   侵占   偽造   偽造 署押   偽造   偽造   偽造 署押 ,0.25,0,偽造文書
  偽造 準私文書   詐欺取財   冒用   盜刷   詐欺取財   冒用   盜刷   盜刷   偽造 準私文書   詐欺   盜刷   偽造 準私文書   偽造 準私文書   偽造 準私文書   偽造 準私文書   詐欺取財   偽造 準私文書   偽造 準私文書   詐欺取財   累犯   加重其刑   盜刷   達成和解   盜刷   未見 悔悟 ,1.0,0,偽造文書
  相姦   偽造私文書   偽造私文書   偽造私文書   偽造私文書   偽造私文書   偽簽   共同 正犯   偽造 署押 係 偽造私文書   偽造私文書   偽造私文書   偽造私文書   偽造 文書   偽造   未見悔意   偽造   偽造 ,0.83,0,偽造文書
  偽造公文書   詐欺取財   冒充   陷於錯誤   偽造   偽造   冒用   偽造公文書   偽造公文書   偽造公文書   冒用   偽造   偽造   偽造   偽造 文書   偽造 文書   偽造   非 公文書   偽造   偽造   偽造   偽造   偽造公文書   詐欺取財   偽造公文書   詐欺取財   未遂   共同 正犯   加重其刑   詐欺   詐欺取財   偽造公文書   詐欺取財   未遂   偽造公文書   冒用   偽造   偽造   偽造公文書   偽造   偽造   詐欺取財 ,1.17,0,偽造文書
  冒用   偽造   偽造   偽造   偽造 ,0.17,0,偽造文書
  詐欺取財   詐欺取財   偽造公文書   陷於錯誤   詐欺取財   偽造   偽造   詐欺   偽造   假冒   詐欺   詐欺 贓款   詐欺取財   詐欺取財   詐欺取財   共同 正犯   正犯   詐欺取財   詐欺   詐欺   冒用   共同 正犯   詐欺   詐欺 贓款   詐欺取財   偽造   偽造   偽造公文書   偽造   詐欺取財   偽造   變造   偽造   偽造公文書   偽造   偽造公文書   偽造   偽造   偽造公文書   偽造   偽造公文書   偽造公文書   偽造   偽造   詐欺取財   偽造公文書   偽造公文書   陷於錯誤   偽造公文書   偽造公文書   偽造公文書   假冒   偽造   偽造   假冒   假冒   偽造公文書   偽造公文書   詐欺取財 ,5.0,0,偽造文書
  騎乘 車牌號碼 000 - 000 號 普通 重型 機車 上路   吐氣 所含 酒精濃度 達 每公升 0.25 毫克   不能安全駕駛   假冒   偽造 署押   偽簽   偽造 署押   冒用   偽造 署押   偽造   偽造   偽造 署押   偽造私文書   偽造   偽造 署押   偽造 署押   偽造   偽造私文書   偽造私文書   冒名   冒用   偽造   偽造 署押   偽造 署押   偽造私文書   偽造私文書   偽造私文書   偽造 署押   偽造私文書   累犯   冒用   偽造 署押   偽造 ,0.42,0,偽造文書
  偽造 署押   偽造 署押   偽造   偽造   偽造 文書   偽造 署押   偽造   偽造 署押   侵占   偽造 署押   偽造   累犯   加重其刑   偽造   侵占 ,0.25,0,偽造文書
  偽造 準私文書   偽造 準私文書   偽造   偽造   變造   偽造   偽造 準私文書   偽造 準私文書   偽造   共同 正犯   借屍 還魂   失竊   達成和解   偽造 ,0.33,0,偽造文書
  偽造私文書   冒用   偽造   偽造   偽造   偽造私文書   偽簽   偽簽   偽簽   冒用   偽造   偽造私文書   偽造 署押   偽造私文書   偽造私文書   偽造私文書   偽造   冒用   偽造私文書   冒用   偽造   偽造   偽造   變造   偽造   偽造   偽造 ,0.25,0,偽造文書
  偽造   偽造   偽造   偽造   偽造   偽造   偽造 署押   偽造 署押   偽造   偽造   偽造 文書   冒名   偽造私文書   偽造私文書   偽造 署押   偽造   偽造 署押   偽造 署押   偽造私文書   偽造 署押   偽造私文書   偽造私文書   偽造   偽造   偽造 署押   偽造   偽造私文書   冒用   偽造 署押   冒名   偽造 署押   偽造 署押   偽造私文書   偽造私文書   接受裁判   自首   接受裁判   減輕其刑   冒用   偽造   偽造 ,0.25,0,偽造文書
  使 公務員 登載不實   使 公務員 登載不實   使 公務員 登載不實   偽造私文書   使 公務員 登載不實   偽刻   偽造   偽造私文書   偽造私文書   偽造私文書   偽造私文書   使 公務員 登載不實   偽造私文書   冒用   冒用   偽造   偽造 ,0.25,0,偽造文書
  偽造   偽造私文書   偽造   偽造 署押   偽造私文書   偽造私文書   偽造   冒用   車禍 受傷   冒用   偽造 ,0.17,0,偽造文書
  偽造   偽造 署押   偽造 署押   偽造   偽造 文書   偽造   偽造   偽造私文書   偽造 署押   偽造私文書   偽造   偽造私文書   偽造私文書   偽造   偽簽   偽造 署押   偽造私文書   偽造 署押   偽造   偽造私文書   冒用   偽造 ,0.17,0,偽造文書
  變造 私文書   變造   變造   變造 文書   變造 私文書   變造 私文書   變造   變造   詐欺取財   偽造   變造   偽造   變造 ,0.17,0,偽造文書
  偽造   自首   接受裁判   接受裁判   自首   減輕其刑   偽造   自首   偽造 ,0.25,0,偽造文書
  竊取   盜刷   竊盜   失竊   詐欺取財   偽造   變造   偽造   偽造   偽造   偽造   偽造私文書   詐欺取財 ,0.58,0,偽造文書
  偽造   偽造 署押   偽造   偽造   偽造 文書   偽造 署押   偽簽   偽造 署押   偽簽   偽造 署押   偽簽   冒用   偽造 署押   偽造   偽造   偽造私文書   偽造私文書   偽造 署押   偽造 署押   偽造私文書   偽造私文書   偽造私文書   偽造私文書   偽造   偽造   偽造 署押   偽造 署押   冒名   詐欺取財   偽造   變造   偽造   偽造   偽造   偽造私文書 ,0.25,0,偽造文書
  偽簽   偽造   偽造 署押   偽造   偽造   偽造 文書   偽造   偽造   偽造私文書   偽簽   偽造   偽造 署押   偽造   偽造   偽造   偽造 署押   偽造   偽造   偽造 署押   偽造私文書   偽造 署押   偽造   偽造私文書   偽造私文書   偽造 文書   偽造   偽造 文書   偽造 署押   偽造私文書   偽造 署押   偽造 署押   偽造私文書   偽造 署押   偽造私文書   偽造私文書   詐欺   未構成累犯   冒用   偽造   偽造私文書   偽造   偽造   偽造 ,0.42,0,偽造文書
  偽造私文書   詐欺取財   盜用   偽造私文書   偽造私文書   偽造私文書   偽造私文書   詐欺取財   偽造私文書   偽造 文書   詐欺取財   偽造   變造   偽造   偽造   偽造   盜用   偽造   盜蓋   偽造 ,0.25,0,偽造文書
  不知悔改   偽造私文書   使 公務員 登載不實   偽造   偽造   偽造   偽造   偽造   陷於錯誤   偽造私文書   使 公務員 登載不實   偽刻   偽造   偽造   偽造私文書   偽造   偽造私文書   偽造   偽造   偽造私文書   偽造私文書   偽造私文書   使 公務員 登載不實   偽造私文書   偽造   使 公務員 登載不實   使 公務員 登載不實   使 公務員 登載不實   累犯   加重其刑   偽造私文書   偽造   偽造   偽造   詐欺 得利   詐欺 得利   陷於錯誤   偽造   使 公務員 登載不實   偽造私文書   使 公務員 登載不實文書   詐欺 得利   詐欺 得利   詐欺 得利   詐欺 得利   偽造私文書 ,0.42,0,偽造文書
  竊盜   竊盜   偽造 文書   偽造 署押   冒用   偽造   偽造   偽造 署押   偽造 署押   冒用   偽造   偽造   偽造私文書   偽簽   偽造 署押   冒名   偽簽   偽造私文書   偽造私文書   偽造 署押   偽造   冒用   偽造 署押   偽造 署押   偽造   偽造 署押   偽造   偽造   偽造   偽造私文書   偽造 署押   偽造私文書   偽造 署押   偽造私文書   偽造私文書   偽造   冒用   偽造   冒名   偽造 署押   偽造 署押   偽造私文書   偽造私文書   偽造私文書   冒用   偽造 署押   偽造 上揭 私文書   偽造   偽造   偽造   偽造 文書 ,0.33,0,偽造文書
  竊取   偽造私文書   詐欺取財   詐欺 得利   冒用   偽造   偽造 署名   偽造   偽造   陷於錯誤   詐欺取財   陷於錯誤   詐欺 得利   未遂   偽造私文書   詐欺取財   詐欺 得利   偽簽   陷於錯誤   偽造私文書   詐欺 得利   未遂   詐欺 得利   詐欺取財   偽簽   詐欺取財   詐欺 得利   未遂   偽簽   偽造   偽造私文書   偽造私文書   偽造私文書   詐欺 得利   未遂   詐欺 得利   詐欺取財   未遂   詐欺取財   偽造私文書   詐欺取財   詐欺 得利   詐欺 得利   詐欺 得利   詐欺 得利   冒刷   未遂   詐欺 得利   偽造私文書   偽造私文書   詐欺 得利   詐欺取財   偽造私文書   竊盜   偽造私文書   詐欺取財   詐欺 得利   竊取   盜刷   冒刷   偽造   詐欺取財   偽造   變造   偽造   偽造   偽造   偽造私文書 ,1.17,0,偽造文書
  偽造私文書   使 公務員 登載不實   偽簽   盜蓋   偽造   盜蓋   偽造   偽造   陷於錯誤   詐欺   偽造私文書   使 公務員 登載不實   偽造私文書   使 公務員 登載不實文書   盜用   偽造私文書   偽造私文書   偽造私文書   盜蓋   偽造私文書   偽造私文書   使 公務員 登載不實   偽造私文書   偽造私文書   偽造 不實   偽造   詐欺取財   偽造   變造   偽造   偽造   偽造   偽造   偽簽   偽造   偽造   盜用   偽造 ,0.25,0,偽造文書
  不知悔改   詐欺取財   偽造私文書   冒用   偽造   偽造   冒用   偽造   偽造   冒用   偽造   偽造   冒用   偽造   偽造   陷於錯誤   冒用   偽造   偽造   冒用   偽造   偽造   偽造   偽造   偽造   偽造   偽造   偽造   冒用   偽造   偽造   偽造   冒用   偽造   偽造   偽造   冒用   偽造   冒用   偽造   偽造   冒用   偽造   偽造   冒用   偽造   偽造   冒用   偽造   偽造   偽造私文書   詐欺取財   偽造   偽造私文書   偽造私文書   偽造   偽造私文書   詐欺取財   偽造私文書   偽造 文書   加重其刑   偽造 文書   偽造 文書   不知悔改   偽造 ,1.33,0,偽造文書
  使 公務員 登載不實   使 公務員 登載不實   登載不實   假結婚   自首   使 公務員 登載不實   使 公務員 登載不實   使公務 登載不實   使 公務員 登載不實   共同 正犯   累犯   使 公務員 登載不實   使 公務員 登載   使 使 公務員 登載不實 公文書   共同 正犯   使 公務員 登載不實   共同 正犯   侵占   累犯   加重其刑   使 公務員 登載不實 ,0.58,0,偽造文書
  詐欺取財   陷於錯誤   詐欺取財   偽造私文書   偽簽   偽造   偽造   偽造私文書   偽簽   偽造   偽造   偽造   偽造私文書   偽簽   詐欺取財   偽造   偽造   偽造私文書   偽造   偽造   偽簽   偽簽   偽造 ,0.5,0,偽造文書
  登載不實文書   使 公務員 登載不實   使 公務員 登載不實   業務 登載不實   共同 正犯   使 公務員 登載不實   業務 登載不實   使 公務員 登載不實   使 公務員 登載不實 ,0.42,0,偽造文書
  偽造 文書   偽造 文書   詐欺   偽造 文書   不知警惕   冒用   偽造私文書   詐欺取財   詐欺 得利   冒用   偽造   陷於錯誤   偽造私文書   詐欺取財   詐欺 得利   陷於錯誤   冒用   偽造   陷於錯誤   偽造私文書   詐欺取財   詐欺 得利   陷於錯誤   冒名   偽造 文書   詐欺取財   詐欺 得利   詐欺 得利   偽造   變造   詐欺 得利   冒用   偽造私文書   冒用   冒用   冒用   冒用   詐欺取財   詐欺 得利   詐欺 得利   共同 正犯   詐欺 得利   詐欺 得利   詐欺 得利   詐欺 得利   冒用   偽造私文書   詐欺   詐欺 得利   偽造私文書   詐欺取財   詐欺 得利   盜打   偽造私文書   偽造   詐欺取財   詐欺 得利   盜接   盜用   冒名   詐欺 得利   冒名   詐欺 得利   偽造私文書   詐欺取財   詐欺 得利   詐欺 得利   偽造 文書   詐欺   不知警惕   牟取 私利   冒用   冒用 ,0.25,0,偽造文書
  偽造   偽造   詐欺   偽造   偽造   陷於錯誤   偽造   詐欺取財   詐欺   偽造   偽造 準 公文書   詐欺取財   偽造 準 公文書   詐欺取財   詐欺取財   冒用   未遂   詐欺取財   偽造 文書   偽造 準 公文書   詐欺取財   偽造   偽造   偽造 準 公文書   詐欺   偽造 準 公文書   共同 正犯   偽造 文書   偽造 準 公文書   詐欺取財   詐欺取財   偽造 準 公文書   累犯   加重其刑   偽造   詐欺取財   偽造   變造   偽造   偽造   變造   偽造 ,1.17,0,偽造文書
  詐欺   偽造私文書   偽造   偽造   偽造私文書   詐欺取財   冒用   陷於錯誤   冒用   陷於錯誤   偽造 文書   偽造   偽造   偽造私文書   偽造   偽造   冒用   偽造   假冒   偽造私文書   偽造私書   偽造私文書   詐欺取財   偽造私文書   詐欺取財   偽造   偽造私文書   偽造私文書   偽造   偽造私文書   偽造   偽造   偽造   偽造   偽造   偽造   偽造 ,1.17,0,偽造文書
  侵入 住宅   竊盜   竊取   竊取   偽造私文書   詐欺取財   偽造   偽造   陷於錯誤   侵入 住宅   竊盜   偽造私文書   詐欺取財   偽造私文書   詐欺取財   偽造   偽造   偽造私文書   詐欺取財   偽造私文書   侵入 住宅 竊盜   偽造私文書   偽造私文書   偽造私文書   偽造   假冒   假冒   竊盜   竊盜   累犯   加重其刑   竊取   竊取   偽造   偽造   偽造 ,0.5,0,偽造文書
  詐欺   不知悔改   詐欺取財   陷於錯誤   偽造私文書   偽造   偽造私文書   偽造   偽造   詐欺   詐欺   詐欺取財   詐欺取財   詐欺取財   偽造   偽造私文書   偽造   偽造   偽造   偽造   偽造   盜用   詐欺取財   偽造私文書   偽造   偽造   偽造私文書   詐欺   累犯   加重其刑   偽造私文書   偽造   偽造   偽造   偽造   偽造   偽造   偽造   偽造   偽造私文書   偽造私文書   詐欺取財   偽造   詐欺取財   詐欺 ,0.5,0,偽造文書
  偽造私文書   詐欺取財   假冒   偽簽   冒用   偽簽   冒用   偽證   盜用   冒用   偽造私文書   詐欺取財   偽造   偽造私文書   偽造私文書   偽造私文書   偽簽   冒用   冒名   偽造私文書   累犯   加重其刑   冒用   盜打   偽簽 ,0.33,0,偽造文書
  偽造私文書   詐欺取財   偽造   偽造   偽造 署名   偽造私文書   偽造私文書   偽造私文書   詐欺   偽造私文書   偽造   偽造 ,0.83,0,偽造文書
  酒後駕車   不知悔改   不能安全駕駛   呼氣 所含 酒精濃度 達 每公升 0.70 毫克   冒用   偽造 文書   偽造   冒用   偽造私文書   偽造 署押   偽造   偽造 署押   偽造 署押   冒用   偽造   偽造   偽簽   偽造   偽造 署押   偽簽   偽造 署押   偽簽   偽造   偽造私文書   偽造 署押   偽造私文書   偽造私文書   偽造私文書   偽造私文書   偽造私文書   累犯   加重其刑   安全駕駛   酒後駕車   酒後駕車   安全 駕車   冒用   偽簽 ,0.67,0,偽造文書
  偽造 文書   收受 贓物   故買贓物   收受 贓物   偽造 準私文書   偽造 準私文書   共同 正犯   偽造 準私文書   偽造   收受 盜贓   竊盜   失竊   毀損 ,0.5,0,偽造文書
  呼氣 後 之 酒精濃度 達 每公升 ０ 點三 ０ 毫克   冒用   偽造 署名   偽造私文書   偽簽   偽簽   偽造   冒名   偽造 署押   冒用   偽簽   偽造 署押   偽簽   偽造   偽簽   偽造   偽造   偽造 署名   偽造 署名   偽造私文書   偽造私文書   偽造私文書   冒用   偽造   偽造   偽造 署名   偽造   偽造   偽造   偽造 署押   偽造 署押   冒用   偽造 署押   偽造 署押   偽造 署押 ,0.25,0,偽造文書
  無駕駛執照   無駕駛執照   冒用   偽簽   偽簽   自首   接受裁判   偽造 署押   偽造 署押   偽造   偽造   偽造 文書   偽簽   偽造   偽造 署押   偽造 署押   偽簽   偽造   冒名   偽造   自首   接受裁判   無 駕駛   偽造   自首   無駕駛執照   冒用   自首   深具 悔意   偽造 ,0.25,0,偽造文書
  偽造私文書   偽填   陷於錯誤   偽填   偽造私文書   竊盜   冒用   累犯   自首   冒用   偽簽   偽造私文書   偽造   偽造   偽造   偽造私文書   偽造私文書   偽簽   偽造   詐欺   偽造 文書   偽造   偽造   偽造私文書   偽造   偽造   偽造   偽造   偽造   偽造 ,0.25,0,偽造文書
  偽造   偽造   達成和解   知所 警惕   偽造 ,0.17,0,偽造文書
  使 公務員 登載不實   使 公務員 登載不實   共同 正犯   竊佔   累犯   加重其刑   累犯   竊佔   使 公務員 登載不實   累犯   使 公務員 登載不實   偽造 文書   竊佔   使 公務員 登載不實   使 公務員 登載不實   非 侵害 個人 私權 ,0.33,0,偽造文書
  偽造私文書   使 公務員 登載不實   偽刻   偽造   偽造   偽造   偽造   偽造   冒用   偽造私文書   偽造   偽造私文書   冒用   使 公務員 登載   偽造   冒用   偽造   偽造   冒用   偽造私文書   使 公務員 登載不實   偽造私文書   偽刻   偽造   偽造私文書   偽造   偽造私文書   偽造私文書   偽造私文書   偽造私文書   偽造私文書   使 公務員 登載不實   偽造私文書   使 公務員 登載不實   偽造私文書   使 公務員 登載不實   偽造私文書   偽造   偽造私文書   使 公務員 登載不實   偽造   偽造私文書   使 公務員 登載不實   尚非 惡劣   偽造 署押   偽造   偽刻   偽造   冒用   偽造   偽造   偽造   偽造   偽造   頗 具 悔意 ,0.17,0,偽造文書
  毀損   偽造私文書   詐欺取財   偽造   偽造   毀損   毀損   毀損   遮風 避雨   毀損   毀損   毀損   詐取 財物   偽造   偽造   偽造   偽造   偽造   偽造   偽造   詐欺   偽造   偽造   偽造私文書   冒用   變造 文書   偽造   盜用   偽造私文書   偽造私文書   詐欺取財   未遂   變造   變造   變造   盜用   偽造   盜用   偽造私文書   偽造私文書   偽造私文書   偽造私文書   詐欺取財   未遂   偽造私文書   偽造私文書   偽造私文書   偽造私文書   偽造   偽造私文書   詐欺   未遂   偽造   盜用   偽造   偽造   盜用   詐欺取財   未遂 ,0.67,0,偽造文書
  偽造   陷於錯誤   冒充   偽造公文書   偽造   陷於錯誤   詐欺取財   詐欺取財   詐欺取財   詐欺取財   累犯   偽造公文書   詐欺取財   偽造   偽造 ,1.5,0,偽造文書
  詐欺取財   偽造私文書   偽造   偽造   陷於錯誤   偽造私文書   詐欺取財   偽造   偽造私文書   偽造私文書   偽造私文書   詐欺取財   偽造私文書   偽造私文書   詐欺取財   偽造私文書   偽造   偽造   偽造 署押   冒用   偽簽   偽造 署押   偽造 署押   無 真心 悔誤   明顯 濫權   偽造私文書   偽造   偽造   詐欺 ,0.25,0,偽造文書
  竊取   侵占   侵占入己   詐欺取財   偽造私文書   偽造   偽造   盜刷   持 侵占   盜刷   偽簽   偽造私文書   偽造 署押   詐欺 得利   詐欺 得利   侵入 住宅   偽造   偽造 簽帳   偽造私文書   偽造私文書   盜刷   偽造私文書   詐欺取財   偽造私文書   侵占   侵占   侵占   侵入 住宅 竊盜   侵入 住宅 竊盜   侵占   偽造私文書   竊盜   侵占   侵占入己   達成和解   達成和解   竊盜   竊盜   竊盜   竊盜   竊盜   偽造私文書   盜刷   冒用   盜刷   冒用   盜刷   偽造   偽造   偽造   偽造私文書   盜刷   盜刷   偽造私文書   詐欺取財   偽造私文書   竊盜   侵占   偽造私文書 ,0.58,0,偽造文書
  偽造私文書   偽造   偽造   偽造   偽造私文書   偽造   偽造私文書   偽造私文書   偽造私文書   共同 正犯   偽造   偽造 ,0.17,0,偽造文書
  偽造私文書   盜蓋   偽簽   偽造   偽造   盜蓋   偽造   盜蓋   偽造私文書   偽造私文書   盜用   偽造私文書   偽證   冒用   偽造   冒用   偽造   偽造 文書   偽造   偽造私文書   盜用   盜用   盜取   盜用   盜用   盜用   盜用   盜用   偽造   偽造私文書   盜用   偽造 署押   偽造私文書   偽造私文書   偽造私文書   偽造私文書   偽造私文書   偽造私文書   偽造私文書   偽造   盜用   偽造   盜用   偽造   偽造   偽造   偽造 ,0.33,0,偽造文書
  偽造私文書   變造特種文書   盜刻   陷於錯誤   盜刻   陷於錯誤   陷於錯誤   盜刻   陷於錯誤   陷於錯誤   偽造   變造   變造 文書   變造 文書   詐欺取財   變造特種文書   偽造私文書   變造特種文書   詐欺取財   變造特種文書   偽刻   偽造 印章   偽造   偽造   偽造   偽造   偽造私文書   變造特種文書   偽造私文書   變造特種文書   詐欺   偽造私文書   變造特種文書   陷於錯誤   變造特種文書   陷於錯誤   詐欺取財   偽造私文書   偽造 文書   偽造 文書   偽造   變造   偽造   偽造   偽造 ,0.5,0,偽造文書
  偽造 文書   偽造私文書   詐欺取財   詐欺 得利   偽簽   偽簽   偽造私文書   偽造 署押   詐欺取財   偽造私文書   詐欺 得利   詐欺取財   詐欺取財   詐欺 得利   偽造 署名   偽造私文書   偽造私文書   偽造私文書   偽造私文書   偽造私文書   詐欺取財   偽造私文書   詐取 財物   偽造私文書   詐欺取財   偽造私文書   詐欺取財   偽造私文書   偽造私文書   冒名   知所 警惕   偽造   偽造   偽造   盜刷 ,0.25,0,偽造文書
  偽造私文書   詐欺取財   未遂   偽造私文書   偽造私文書   詐欺取財   未遂   偽造私文書   偽造 ,0.25,0,偽造文書
  偽造私文書   詐欺 得利   偽造   陷於錯誤   偽造私文書   詐欺 得利   偽造 署名   偽造私文書   偽造私文書   偽造私文書   偽造私文書   偽造私文書   詐欺 得利   偽造私文書   累犯   加重其刑   偽造 ,0.25,0,偽造文書
  偽造   偽造 準私文書   偽造 準私文書   收受 判決 ,0.25,0,偽造文書
  竊盜   竊取   侵占   侵占入己   偽造私文書   詐欺取財   侵占   偽造   偽造   陷於錯誤   盜刷   冒用   偽造   陷於錯誤   詐欺取財   竊盜   侵占   偽造私文書   詐欺取財   偽造   偽造私文書   偽造私文書   偽造   盜刷   偽造私文書   盜刷   偽造私文書   詐欺取財   偽造私文書   竊盜   侵占   偽造私文書   詐欺取財   盜刷   偽造私文書   詐欺取財   偽造私文書   累犯   累犯   加重其刑   竊取   盜刷   竊盜   盜刷   竊盜   侵占   侵占   侵占   竊盜   侵占   偽造   偽造私文書   偽造   偽造   偽造   偽造   偽造   偽造   偽造私文書   詐欺取財   詐欺取財 ,1.08,0,偽造文書
  偽造   偽造私文書   偽造   偽造私文書   偽造私文書   偽造私文書   達成和解   偽造   偽造私文書   偽造   偽造   偽造   偽造 ,0.25,0,偽造文書
  偽造私文書   使 公務員 登載不實   偽簽   偽造私文書   使 公務員 登載不實   偽造私文書   偽造 署押   偽造私文書   偽造私文書   偽造私文書   偽造 署押   偽造私文書   使 公務員 登載不實   偽造私文書   偽簽   偽造私文書   偽造私文書   偽造私文書   使 公務員 登載不實   偽造   偽造私文書   使 公務員 登載不實   冒用   偽造私文書   使 公務員 登載不實   未見悔意   偽造 ,0.83,0,偽造文書
  偽造私文書   詐欺取財   偽造   陷於錯誤   偽造私文書   詐欺取財   偽造私文書   偽造   偽造   偽造私文書   偽造 ,0.5,0,偽造文書
  未遂   詐欺   冒用   偽造公文書   詐欺取財   共同 正犯   偽造   偽造   偽造   偽造   偽造公文書   偽造   偽造 ,1.17,0,偽造文書
  偽造   偽造   偽造   偽造   偽造   偽造   偽造   變造 車牌   偽造 ,1.67,0,偽造文書
  偽造 署押   偽造私文書   冒用   偽造   冒用   偽造   冒用   冒用   偽造 署押   冒用   偽造 署押   偽造   偽造 署押   冒用   偽造   偽造   偽造私文書   偽造 署押   偽造私文書   偽造私文書   偽造私文書   偽造 署押   偽造私文書   偽造 署押   偽造私文書   偽造私文書   冒用   偽造 署押   冒用   偽造   偽造   偽造 ,0.42,0,偽造文書
  發生 碰撞   偽造私文書   偽造 署押   偽造   偽造   偽造   偽造 署押   偽造 署名   偽造   偽造 文書   偽簽   偽造私文書   偽造私文書   偽造 署押   偽造私文書   偽造私文書   偽造 署押   偽造私文書   偽造私文書   偽造 署押   偽造私文書   偽造 署押   偽造私文書   冒用   冒用   偽造 ,0.25,0,偽造文書
  偽造 文書   使 公務員 登載不實   偽造   偽造   偽造 署押   使 公務員 登載不實   偽造   偽造   偽造   變造   偽造   變造   偽造   變造   偽造   偽造 署押   使 公務員 登載不實 公文書   偽造   使 公務員 登載不實 公文書   變造   偽造   偽造   偽造 署押   使 公務員 登載不實   偽造   冒用   偽造   已知 悔悟   偽造   偽造   偽造   偽造 ,0.25,10000,偽造文書
  偽造 特種文書   偽造   偽造   偽造   偽造   偽造 特種文書   偽造   偽造 ,0.17,0,偽造文書
  偽造 文書   偽造   偽造   偽造   偽造 署押   偽造   偽造   偽造 文書   冒名   偽造   偽造   偽造   偽造   偽造 署押   非 偽造私文書   偽造私文書   偽造   偽造私文書   偽造   偽造私文書   偽造私文書   偽造私文書   偽造   偽造 署押   冒名   偽造私文書   偽造   偽造私文書   冒名   偽造 ,0.25,0,偽造文書
  偽造私文書   偽造私文書   偽造私文書   偽造私文書   偽造   偽造 ,0.17,0,偽造文書
  偽造 特種文書   偽造   偽造   偽造   偽造   偽造   偽造 特種文書   偽造 特種文書   偽造 印文   偽造私文書   偽造 特種文書   偽造 特種文書   偽造 特種文書   偽造   共同 正犯   偽造 特種文書   偽造 印文   偽造   偽造   偽造   偽造   偽造   偽造 ,0.33,0,偽造文書
  變造 私文書   變造 私文書   變造 私文書   變造 私文書   變造 私文書   變造 私文書   變造 私文書   變造 ,0.25,0,偽造文書
  偽造私文書   使 公務員 登載不實   盜蓋   偽造   偽造   盜蓋   偽造   偽簽   盜蓋   偽造私文書   侵占   偽造   變造   偽造私文書   偽造私文書   沒有偽造 私文書   偽造私文書   偽造私文書   偽造   偽造私文書   冒用   偽造   偽造私文書   假冒   冒用   偽造   偽造   偽造私文書   偽造私文書   偽造 文書   偽造 文書   偽造私文書   盜用   盜用   盜取   盜用   盜用   盜用   盜用   假冒   偽造   盜用   偽造   偽造私文書   偽造 署名   盜用   偽造私文書   偽造私文書   偽造私文書   偽造私文書   偽造   偽造   偽造   偽造   偽造   偽造   盜用   偽造   盜用   偽造   偽造   偽造 ,0.25,0,偽造文書
  業務侵占   業務侵占   偽造   偽造私文書   偽造私文書   偽造私文書   偽造私文書   業務侵占   業務侵占   偽造 文書   偽造私文書   侵占   達成和解   偽造   侵占入己   偽造   偽造私文書   偽造   偽造   偽造   偽造   偽造 ,0.67,0,偽造文書
  偽造公文書   偽刻   偽造   偽造   偽造 文書   偽刻   偽造   偽造   偽造公文書   偽刻   偽刻   偽造   偽造公文書   偽造公文書   偽造公文書   偽造   偽造公文書   加重其刑   偽造公文書   偽造   偽造   偽造 ,1.5,0,偽造文書
  詐欺取財   偽造   陷於錯誤   偽造 文書   詐欺取財   偽造 文書   陷於錯誤   盜用   侵占   侵占   詐欺   竊盜   偽造   侵占   業務侵占   偽造私文書   詐欺取財   偽造私文書   偽造私文書   偽造私文書   偽造私文書   偽造私文書   詐欺取財   偽造   陷於錯誤   不能 坐享   偽造私文書   詐欺取財   侵占入己   業務侵占   偽造 文書   陷於錯誤   業務侵占 ,5.0,0,偽造文書
  陷於錯誤   偽造 準私文書   冒用   偽造   偽造 準私文書   偽造私文書   偽造   冒用   偽造   偽造   陷於錯誤   侵占入己   陷於錯誤   陷於錯誤   詐欺   陷於錯誤   陷於錯誤   陷於錯誤   陷於錯誤   偽造私文書   偽造   偽造   陷於錯誤   冒用   偽造   陷於錯誤   偽造私文書   偽造   偽造   偽造私文書   偽造   偽造   偽造   偽造   偽造私文書   偽造   詐欺取財   偽造   偽造私文書   冒用   偽造 準私文書   偽造   偽造   偽造私文書   偽造 準私文書   偽造私文書   偽造私文書   冒用   偽造 準私文書   詐欺取財   偽造 準私文書   偽造私文書   共同 正犯   冒用   偽造 準私文書   偽造私文書   偽造私文書   侵占   詐欺取財   詐欺取財   詐欺取財   詐欺取財   詐欺取財   陷於錯誤   詐欺取財   詐欺取財   詐欺取財   詐欺 得利   詐欺 得利   詐欺取財   詐欺取財   偽造   偽造私文書   冒用   偽造 準私文書   偽造 準私文書   詐欺取財   偽造私文書   偽造 準私文書   偽造私文書   詐欺取財   詐欺取財   偽造私文書   偽造私文書   偽造 準私文書   冒用   偽造私文書   詐欺取財   偽造私文書   冒用   偽造   偽造私文書   偽造私文書   偽造私文書   共同 正犯   詐欺取財   偽造私文書   詐欺取財   偽造私文書   詐欺取財   濫用   侵占   偽造私文書   濫用   侵占   偽造私文書   詐欺取財   偽造私文書   偽造私文書   偽造私文書 ,2.0,0,偽造文書
  偽造公文書   偽造   偽造   共同 正犯   共同 正犯   共同 正犯   共同 正犯   共同 正犯   共同 正犯   共同 正犯   偽造公文書   詐欺取財   偽造公文書   詐欺取財   偽造   偽造公文書   詐欺取財   偽造   偽造   偽造公文書   共同 正犯   共同 正犯   偽造公文書   偽造公文書   偽造公文書   偽造公文書   詐欺取財   偽造公文書   偽造   不得 減刑   偽造 文書   行使 偽造公文書   偽造公文書   共同 正犯 ,0.5,0,偽造文書
  冒用   詐欺取財   冒用   偽造私文書   冒用   偽造   偽造   偽造   偽造 署名   偽造 署押   詐欺取財   冒用   偽造私文書   冒用   偽造   偽造   偽造 署名   偽造 署押   詐欺取財   偽造私文書   冒用   偽簽   偽造 文書   詐欺取財   詐欺   偽造私文書   盜辦   詐欺取財   冒用   詐欺取財   偽造   偽造私文書   偽造私文書   偽造私文書   偽造   偽造   陷於錯誤   冒用   偽造   偽造私文書   冒用   詐欺取財   冒用   偽造私文書   詐欺取財   偽造私文書   詐欺取財   偽造私文書   冒用   詐欺取財   偽造私文書   偽造私文書   偽造私文書   冒用   偽造   偽造   偽造   偽造   偽造 署押   偽造私文書   偽造 署押   偽造   詐欺   偽造私文書   冒用   冒用   偽造   陷於錯誤   偽造私文書   詐欺取財   冒用   偽造私文書   詐欺取財   冒用   偽造   偽造   偽造私文書   詐欺取財   冒用   偽造私文書   詐欺 ,1.0,0,偽造文書
  偽造私文書   業務侵占   冒用   偽簽   偽造私文書   詐欺取財   偽造   偽造   偽造   偽造   偽造   陷於錯誤   偽造私文書   詐欺取財   虛偽   陷於錯誤   詐欺取財   陷於錯誤   業務侵占   侵吞入己   偽造私文書   業務侵占   偽造私文書   詐欺取財   詐欺取財   詐欺取財   侵占   接受裁判   自首   偽造   變造 文書   偽造   變造   偽造   變造   偽造私文書   業務侵占   偽造私文書   詐欺取財   偽造私文書   詐欺取財   詐欺取財   業務侵占   變造 私文書   偽刻   偽造   偽造私文書   偽造私文書   偽造私文書   偽造私文書   偽造   偽造   偽造   偽造私文書   偽造私文書   偽造私文書   偽造私文書   詐欺取財   偽造私文書   業務侵占   業務侵占   偽造私文書   詐欺取財   偽造私文書   偽造私文書   詐欺取財   偽造私文書   業務侵占   侵占   侵占   詐欺   竊盜   侵占   詐欺   業務侵占   詐欺取財   詐欺   業務侵占   詐欺取財   業務侵占   侵吞   業務侵占   詐欺取財   自首   自首   自首   自首   自首   業務侵占   業務侵占   業務侵占   接受裁判   自首   偽造私文書   詐欺   業務侵占   心智缺陷   認定 錯誤   累犯   達成和解   達成和解   達成和解   自首   知所 警惕   偽造   偽造   偽造   偽造   偽造   偽造   侵占 ,1.33,0,偽造文書
  偽造私文書   冒用   盜蓋   偽造   偽造私文書   偽造 文書   擅自 漲價   偽造   偽刻   偽造   盜用   偽造   偽造   偽造 文書   冒用   冒用   冒用   盜蓋   偽造   偽造私文書   盜用   偽造私文書   偽造   偽造   偽造   偽造   偽造   冒用   偽造   偽造   冒用   偽造   冒用   盜用   盜用   偽造   偽造 ,0.25,0,偽造文書
  詐欺取財   偽造私文書   使 公務員 登載不實   陷於錯誤   偽造   盜蓋   偽造   陷於錯誤   陷於錯誤   偽造   盜蓋   偽造   陷於錯誤   偽造   詐欺取財   偽造私文書   使 公務員 登載不實   未遂   偽造   盜蓋   詐欺取財   偽造私文書   公務員 登載不實   偽造   偽造   盜 蓋印章   偽造私文書   偽造私文書   偽造私文書   詐欺取財   偽造私文書   使 公務員 登載不實   詐欺取財   偽造私文書   使 公務員 登載不實   偽造私文書   冒用   偽造   詐欺   偽造   偽造   盜用   偽造   盜用   盜蓋   偽造私文書   冒名   偽造   竊取   侵占   偽造 文書   偽造 文書   冒用   詐欺取財   偽造   冒用   偽造   使業務員 登載不實   詐欺   侵占   竊盜   詐欺取財   偽造私文書   詐欺   侵占   竊盜   偽造私文書   偽造私文書   詐欺取財   偽造私文書   詐欺 ,1.0,0,偽造文書
  陷於錯誤   偽造私文書   偽刻   偽刻   偽造   偽造私文書   偽刻   偽造   偽造   偽造 文書   未 偽刻印章   偽造   偽造   偽刻印章   偽造 文書   偽刻   偽造 文書   偽造   詐欺取財   詐欺取財   偽造私文書   偽刻印章   偽造 印文   偽造私文書   偽造私文書   偽造 文書   偽造   偽造   偽造   偽造   偽造私文書   詐欺取財   詐欺   偽造 文書   偽造 文書   詐欺   侵占   偽造   偽造   偽造   偽造私文書 ,0.5,0,偽造文書
  偽造 準私文書   偽造 準私文書   偽造 準私文書 ,0.17,0,偽造文書
  使 公務員 登載不實   使 公務員 登載不實   偽造私文書   使 公務員 登載不實   偽造 署名   偽造私文書   偽造私文書   偽造私文書   偽造私文書   使 公務員 登載不實   偽造私文書   偽造 文書   接受裁判   自首   偽造   偽造   偽造   知所 警惕   偽造 文書   深知 戒惕 ,0.17,0,偽造文書
  詐欺取財   偽造 準 特種文書   偽造 準 特種文書   偽造 準私文書   假冒   偽造   偽造   偽造   陷於錯誤   偽造 特種文書   未 偽造 準 特種文書   準私文書   偽造 準 特種文書   偽造   偽造   偽造   偽造 準 特種文書   偽造   詐欺取財   偽造 準私文書   偽造 準 特種文書   偽造   偽造 準私文書   偽造 準 特種文書   偽造 準 特種文書   偽造 準 特種文書   偽造 準 特種文書   偽造 準私文書   詐欺取財   詐欺取財   偽造 準私文書   偽造 準私文書   詐欺   偽造   準 特種文書   偽造 準私文書   偽造 準私文書   偽造 準私文書   偽造 準私文書   偽造 準私文書 ,0.5,0,偽造文書
  偽造 準私文書   偽造 準私文書   偽造 ,0.17,0,偽造文書
  偽造 署押   偽造   偽造 文書   偽造 署押   偽造 文書   偽造 文書   偽造 署押   偽造私文書   詐欺取財   偽造   偽造私文書   偽造私文書   偽造私文書   詐取   偽造私文書   偽造私文書   冒名   偽造   偽造   偽造   偽造   偽造   偽刻 ,0.33,0,偽造文書
  偽造公文書   詐欺取財   冒充   陷於錯誤   假冒   偽造   偽造   冒用   偽造   偽造   偽造   偽造   偽造   假冒   冒用   陷於錯誤   偽造   未遂   偽造 文書   偽造   偽造   偽造   偽造   偽造   冒用   詐欺取財   冒用   偽造公文書   偽造   陷於錯誤   偽造   偽造 文書   偽造 文書   偽造   偽造公文書   偽造 證書 ,1.0,0,偽造文書
  偽造   未經許可 進入 我國   偽造私文書   偽造   偽造   偽造   非法入境   偽造私文書   偽造   偽造   偽造   偽造   不思悔改   偽造私文書   偽造   偽造   偽造   非法入境   偽造私文書   偽造   偽造   偽造   偽造   偽造   冒用   冒名   未經許可 入國   偽造私文書   未經許可 入國   未經許可 入國   偽造私文書   偽造   偽造私文書   偽造私文書   偽造私文書   偽造私文書   未經許可 入國   偽造私文書   偽造私文書   偽造   偽造私文書   偽造私文書   偽造私文書   偽造私文書   偽造私文書   冒用   偽造   偽造 文書   偽造 ,0.5,0,偽造文書
  詐欺取財   偽造私文書   詐欺   詐欺取財   偽造私文書   詐欺   接受 典當   詐欺取財   偽造私文書   偽造   偽造   偽造   侵占   侵占   詐欺取財   詐欺取財   偽造私文書   詐欺取財   偽造   詐取   偽造私文書   詐欺   偽造私文書   偽造私文書   詐欺取財   未遂   偽造   未遂   偽造私文書   詐欺 未遂   偽造私文書   共同 正犯   詐欺   詐欺   偽造   偽造   偽造私文書 ,1.67,0,偽造文書
  偽造私文書   偽造   陷於錯誤   偽造   偽造   偽造   偽證   偽造   偽造   偽造   偽造   偽造私文書   詐欺取財   偽造   偽造   偽造   偽造私文書   偽造私文書   偽造私文書   偽造   偽造私文書   偽造   偽造   偽造   偽造   偽造   偽造   雙重 剝奪 ,0.5,0,偽造文書
  偽造私文書   詐欺取財   冒用   偽造   偽造   陷入 錯誤   偽造 文書   詐欺取財   偽造   冒名   偽造   偽造   冒用   冒用   偽造   冒用   偽造   偽造   偽造   偽造私文書   詐欺取財   偽造   偽造私文書   偽造私文書   偽造私文書   詐欺取財   偽造   詐欺取財   偽造   偽造   偽造私文書   偽造   偽造   冒用   偽造   偽造私文書   偽造私文書   偽造   偽造   冒用 ,0.25,0,偽造文書
  偽私造 文書   冒用   偽簽   偽造   偽造私文書   偽造 署押   偽造私文書   偽造私文書   累犯   加重其刑   冒用   偽造 署押   偽造私文書   偽造   偽造 ,0.25,0,偽造文書
  偽造私文書   偽造私文書   偽造私文書   偽造   偽造私文書   偽造私文書   偽造   偽造   偽造   偽造 ,0.17,0,偽造文書
  偽造私文書   使 公務員 登載不實   偽造   偽造   偽造私文書   使 公務員 登載不實   偽造   偽造私文書   偽造私文書   偽造   偽造   偽造私文書   使 公務員 登載不實   偽造私文書   偽造私文書   偽造   偽造   偽造 ,0.42,0,偽造文書
  偽造   偽造 文書   偽造   偽造私文書   偽造 署押   偽造   偽造私文書   偽造私文書   偽造   偽造私文書   偽造 署押   偽造私文書   偽造   偽造   偽造 ,0.25,0,偽造文書
  偽造   偽造私文書   使 公務員 登載不實   偽造   偽造   偽造   偽造私文書   行使 公務員 登載不實文書   使 公務員 登載不實文書   使 公務員 登載不實文書   偽造 ,2.0,0,偽造文書
  偽造 署押   偽造私文書   冒用   偽造   偽造   偽造   偽造   偽造   偽造   偽造   偽造   偽造   偽造 文書   偽造   偽造 署押   偽造 署押   冒用   偽造   偽造私文書   偽造私文書   偽造   冒名   偽造 署押   偽造   偽造 署押   偽造 署押   偽造   偽造   偽造   偽造 署押   偽造 署押   偽造 署押   偽造私文書   偽造私文書   偽造私文書   偽造 署押   偽造私文書   偽造 署押   偽造 署押   偽造 署押   偽造私文書   偽造   偽造   偽造   偽造   偽造   偽造私文書   偽造 署押   偽造私文書   偽造 署押   偽造   偽造私文書   偽造私文書   偽造私文書   偽造私文書   偽造私文書   偽造   偽造 署押   偽造私文書   偽造 署押   冒用   偽造   替代 剝奪 不法 得利   偽造   偽造 文書   偽造   偽造   偽造   偽造私文書   偽造   偽造   偽造   偽造   偽造   偽造 文書   偽造   偽造 署押   竊盜   偽造   偽造   偽造   偽簽   偽造   偽造私文書 ,0.33,0,偽造文書
  偽造   偽造   偽造 特種文書   偽造   偽造 特種文書   偽造   偽造 特種文書   偽造   偽造   偽造 文書   偽造 特種文書   偽造   偽造 文書   偽造   偽造   偽造   偽造 車牌   偽造   偽造   偽造   變造   偽造   變造   偽造   偽造 特種文書   偽造   偽造 特種文書   偽造 車牌   特種文書   偽造   偽造 特種文書   偽造 車牌   偽造 特種文書   累犯   加重其刑   偽造   偽造 文書 ,0.05,0,偽造文書
  偽造私文書   使 公務員 登載不實   盜蓋   偽簽   偽造私文書   偽造   偽造 署押   冒用   偽造 署押   偽造   偽造   偽造 文書   偽造   偽造   偽造私文書   使 公務員 登載不實   偽造 署名   盜用   偽造私文書   偽造   偽造私文書   偽造私文書   偽簽   偽造   知所 悔悟   偽造   偽造   偽造   盜用   盜用   盜用   盜用 ,0.25,0,偽造文書
  變造 私文書   變造 私文書   變造   變造   變造   變造   變造   變造   變造   變造   變造   變造   變造   變造   變造   變造   變造 私文書   變造 私文書   變造 私文書   變造 私文書   變造 私文書   變造 私文書   共同 正犯   變造   變造   偽造私文書   偽造私文書   偽造私文書   累犯   加重其刑   變造   非 無 悔意   變造   變造 ,0.5,0,偽造文書
  陷於錯誤   詐欺   冒用   偽造   偽造   偽造   偽造 文書   偽造   偽造   偽造   冒用   詐欺取財   冒用   詐欺   偽造公文書   偽造   陷於錯誤   偽造   偽造   偽造 文書   偽造 文書   偽造   偽造公文書   冒用   偽造   陷於錯誤   偽造   偽冒   偽造   冒充   冒用   陷於錯誤   偽造公文書   偽造公文書   詐欺取財   偽造公文書   偽造公文書   偽造   偽造   偽造   詐欺取財   偽造公文書   偽造公文書   偽造公文書   替代 剝奪 不法 得利   偽造   偽造 文書   偽造   偽造   偽造   偽造   偽造   偽造   偽造公文書   偽造   共同 正犯   共同 正犯 ,1.17,0,偽造文書
  累犯   不知悔改   竊盜   竊取   偽造 準私文書   偽造   偽造   偽造私文書   偽簽   偽造私文書   偽造私文書   詐欺   偽簽   偽造私文書   陷於錯誤   偽造   偽造   竊盜   冒用   偽造 準私文書   偽造 準私文書   偽造   偽造 準私文書   盜刷   盜刷   詐欺取財   偽造私文書   詐欺取財   偽造   偽造 署押   偽造私文書   偽造   偽造   偽造   冒用   偽造 準私文書   偽造私文書   偽造私文書   偽造私文書   詐欺取財   偽造私文書   加重其刑   盜取   偽造私文書   偽造   偽造   偽造私文書 ,0.92,0,偽造文書
  使 公務員 登載不實   偽造   偽造   未經許可 入國   偽造 特種文書   偽造私文書   偽造   偽造 特種文書   偽造私文書   偽造 署押   偽造私文書   偽造私文書   未經許可 入國   偽造 特種文書   偽造私文書   偽造私文書   偽造私文書   偽造 署押   偽造私文書   偽造私文書   偽造   偽造   偽造 文書   偽造   偽造   偽造   偽造   偽造   偽造   使 公務員 登載不實   使 公務員 登載不實   使 公務員 登載不實   冒用   偽造   變造   偽造   變造   偽造   使 公務員 登載不實 ,0.17,0,偽造文書
  不知悔改   酒後駕車   吐氣 所含 酒精濃度 達 每公升 0.32 毫克   偽造私文書   偽造   偽造   偽造 署押   冒用   偽造 署押   偽造   偽造   偽造 文書   偽造   偽造私文書   偽造私文書   偽造 署押   偽簽   偽造 署押   偽造 署押   偽造   偽造   偽造 署押   偽造   偽造 署押   偽造私文書   冒名   酒醉駕車   偽造私文書   偽造   偽造私文書   偽造 署押   偽造私文書   偽造   偽造私文書   偽造私文書   偽造 署押   偽造私文書   累犯   加重其刑   冒用   偽造 ,0.33,0,偽造文書
  偽造私文書   偽造   偽造   偽簽   冒用   偽造 署押   偽造 署押   偽造   偽造   偽造 文書   偽簽   偽造私文書   偽造   偽造 署押   偽造私文書   偽造私文書   偽造 署押   偽造私文書   知所 警惕   偽造   偽造 ,0.17,0,偽造文書
  施用 毒品   不知悔改   持有 第二級毒品 甲基安非他命   偽造私文書   冒用   偽造   偽造   偽造私文書   偽造   冒用   偽造 署押   冒用   偽簽   偽造 署押   偽造私文書   偽簽   偽造   偽造私文書   偽造   偽造私文書   偽造私文書   偽造   偽造 署押   偽造私文書   偽造   偽造私文書   偽造私文書   偽造私文書   累犯   加重其刑   偽造   偽造   偽造私文書   偽造   偽造   偽簽   偽造   偽造 署押   偽造   偽造 ,0.25,0,偽造文書
  偽造 文書   偽造 署押   冒用   偽簽   偽造   偽造   偽造私文書   偽造私文書   偽造   偽造私文書   偽造私文書   偽造私文書   偽造私文書   冒用   偽造   偽造   偽造   偽造 ,0.17,0,偽造文書
  偽造私文書   冒用   偽造   偽造   偽造   自首   接受裁判   自首   偽造   偽造   偽造   偽造 署押   偽造 署押   冒用   偽造 署押   偽造   偽造   偽造 文書   偽造 署押   偽造 文書   偽簽   偽造 文書   偽造 署押   冒名   偽造私文書   偽造 署押   偽造私文書   偽造 署押   偽造 署押   偽造   偽造 署押   偽簽   偽簽   偽簽   偽簽   偽造私文書   偽造   偽造 署押   偽造私文書   偽造   偽造   偽造私文書   偽造 署押   偽造   偽造   冒用   偽造 署押   偽造私文書   偽造 署押   偽造私文書   偽造   偽造   偽造 文書   偽造 署押   偽造私文書   自首   有受 裁判   偽造私文書   偽造 準 文書   偽造 署押   偽造   冒用   偽造 署押   偽造私文書   偽造 署押   偽造私文書   偽造   偽造私文書   偽造私文書   自首   冒用   冒名   偽造   偽造   偽造 ,0.17,0,偽造文書
  偽造   偽造   偽簽   冒用   偽造   冒名   偽造   偽造   偽造   偽造   變造   冒用   冒標   偽造   詐取 財物   累犯   自首   冒用   偽造   加重其刑   加重其刑   陷於錯誤   詐欺取財   陷於錯誤   詐欺   詐欺取財   偽造 準私文書   偽造 署押   偽造   偽造 準私文書   偽造 準私文書   詐欺取財   加重其刑   偽造 準私文書   冒用   知所 警惕   深知 警惕   不得 減刑   冒標   偽造   偽造   偽造   偽造   偽造   偽造 ,0.25,0,偽造文書
  偽簽   侵占   使 公務員 登載不實   使 公務員 登載不實   詐欺取財   偽造私文書   詐欺取財   冒用   偽造   偽造私文書   偽簽   盜蓋   偽造   變造   偽造私文書   偽造   侵占   使 公務員 登載不實   偽造   盜用   偽造私文書   偽造私文書   偽造   使 公務員 登載不實   偽造   使 公務員 登載不實文書   偽造私文書   偽造私文書   侵占   偽造私文書   冒用   偽造私文書   偽造 準私文書   偽造私文書   偽造私文書   偽造私文書   偽造 署押   偽造私文書   偽造私文書   偽造私文書   冒用   偽造私文書   偽造私文書   使 公務員 登載不實文書   使 公務員 登載不實   冒用   達成和解   偽造私文書   使 公務員 登載不實文書   冒用   偽造   偽造   侵占   侵占入己   陷於錯誤   詐欺取財 ,0.5,0,偽造文書
  偽造 文書   冒用   偽造私文書   侵權   偽造 文書   冒用   偽造私文書   偽造私文書   偽造私文書   冒用   達成和解 ,0.25,0,偽造文書
  偽造私文書   偽造   偽造   偽造   偽造   變造   偽造私文書   偽造 文書   偽造私文書   偽造 文書   偽造   偽造私文書   偽造   偽造私文書   偽造私文書   偽造私文書   偽造私文書   偽造   偽造私文書   冒用   偽造   偽造   偽造   偽造 ,0.42,0,偽造文書
  偽造私文書   偽刻   偽造   偽刻   偽造   偽刻   偽刻   偽簽   偽造   偽造   偽造   偽造   偽造公文書   偽造私文書   偽刻   偽造 公印文   偽刻   偽造公文書   偽刻   偽造 印文   偽造私文書   偽造   偽造私文書   偽造   偽造私文書   偽造   偽造   偽造公文書   偽造公文書   偽造私文書   偽造公文書   偽造私文書   偽造公文書   偽造公文書   偽造   偽造   偽造   偽刻   偽造   偽造   偽造   偽造   偽刻 ,0.5,0,偽造文書
  偽造私文書   偽造   偽造   偽造   偽造   偽造私文書   偽造 特種文書   偽造私文書   偽造   偽造私文書   偽造私文書   偽造私文書   偽造私文書   偽造私文書   偽造私文書   偽造 印文   共同 正犯   偽造私文書   偽造   偽造 ,0.42,0,偽造文書
  偽造私文書   偽造   未經許可 入國   偽造私文書   非法 打工   禁止 入境   不得 入境   偽造   偽造私文書   冒用   冒用   偽造   未經許可 非法入境   偽造私文書   許可 入境   未經許可 入境   偽造   冒用   偽造私文書   未經許可 入國   偽造 入國   偽造 署名   偽造私文書   偽造私文書   偽造私文書   偽造私文書   未經許可 入國   偽造私文書   偽造 入國   非法入境   偽造   偽造 ,0.33,0,偽造文書
  偽造 署押   假冒   偽造   偽造 署押   冒用   偽造   偽造 署押   偽造 署押   偽造   偽造 署押   偽造 ,0.33,0,偽造文書
  偽造 文書   陷於錯誤   偽造私文書   偽造 署押   偽造私文書   偽造私文書   偽造私文書   知所 警惕   深知 警惕   偽造 ,0.17,0,偽造文書
  吐氣 酒精濃度 達 每公升 0.78 毫克   偽造 署押   偽造私文書   冒用   偽造   偽造   偽造   偽造 署押   偽造 署押   偽造   偽造   冒名   偽造私文書   偽造 署押   偽簽   偽造 署押   偽簽   偽造 署押   偽簽   偽造私文書   偽造 署押   偽造私文書   偽造私文書   偽造私文書   偽造私文書   偽造   偽造 署押   偽造 署押   偽造私文書   偽造私文書   酒後駕車   冒名   偽造   偽造 ,0.25,0,偽造文書
  詐欺   冒名   偽造   詐欺   偽造公文書   偽造   偽造   偽造公文書   陷於錯誤   偽造   偽造   陷於錯誤   偽造   冒用   冒用   未遂   詐欺取財   得利   偽造 文書   偽造 文書   偽造   偽造   偽造私文書   偽造   偽造私文書   偽造公文書   冒充   冒充   假冒   偽造   假冒   詐欺取財   偽造   共同 正犯   偽造公文書   詐欺取財   偽造公文書   詐欺取財   偽造公文書   詐欺取財   假冒   偽造公文書   假冒   詐取 財物   詐欺取財   偽造   變造   偽造   偽造   偽造   偽造公文書   詐欺 ,1.17,0,偽造文書
  偽造 準私文書   偽造   偽造   仿冒   偽造 準私文書   偽造   偽造 商品   偽造   冒用   偽造 準私文書   仿冒   仿冒   偽造私文書   偽造私文書   偽造   販賣 仿冒 商標 商品   偽造   偽造私文書   偽造私文書   仿冒   偽造   偽造   偽造   偽造   偽造 準私文書 ,0.5,0,偽造文書
  使 公務員 登載不實   使 公務員 登載不實   共同 正犯   偽造   變造 文書   使 公務員 登載   使 公務員 登載不實   偽造   變造 文書   不實登載   使 公務員 登載不實   使 公務員 登載不實   使 公務員 登載不實   使 公務員 登載不實   共同 正犯 ,0.11,0,偽造文書
  冒用   偽刻   偽造   偽造   偽造   偽刻 ,0.33,0,偽造文書
  偽造 署押   冒用   偽簽   偽簽   偽簽   偽簽   偽造 署押   偽造 署押   偽造 署押   冒用   偽造   偽簽   偽造私文書   偽造私文書   偽造私文書   恐嚇取財   竊盜   累犯   冒用   偽造   偽造   偽造   偽造   偽造   偽造 ,0.25,0,偽造文書
  仿冒 商標   仿冒   偽造私文書   仿冒   偽造私文書   偽造 準私文書   仿冒 商標   仿冒 商品   偽造 準私文書   偽造 準私文書   仿冒 商標   知所 悔悟   販賣 仿冒 商品 ,0.25,0,偽造文書
  侵占   侵占入己   變造   變造特種文書   偽造私文書   偽簽   偽造   變造   變造   侵占入己   侵占   偽造 署押   冒用   偽簽   偽簽   偽簽   變造   變造特種文書   偽簽   偽造 署押   偽簽   偽造私文書   偽造   偽造私文書   變造   偽造   變造   偽造   偽造私文書   變造特種文書   偽造私文書   變造特種文書   偽造私文書   變造   變造特種文書   侵占   偽造私文書   變造特種文書   偽造私文書   侵占   變造   冒用   偽造   偽造 文書   變造特種文書   偽造私文書   變造特種文書   偽造私文書   變造特種文書   偽造私文書   變造特種文書   變造   變造 駕駛   變造   偽造 署押 ,1.5,0,偽造文書
  竊盜   竊盜   未遂   毀損   行竊   詐欺取財   陷於錯誤   偽造私文書   詐欺取財   偽簽   陷於錯誤   使用 竊盜   竊盜   竊取   竊盜   竊盜   使用 竊盜   侵入 住宅 竊盜   竊盜   侵入   竊盜   竊盜   竊取   竊盜   加重其刑   詐欺取財   偽造私文書   詐欺取財   竊盜   竊盜   竊取 財物   竊盜   竊盜   偽造   偽造私文書   偽造私文書   偽造私文書   偽造私文書   竊盜   未遂   偽造私文書   累犯   累犯   加重其刑   竊盜   未遂   減輕其刑   累犯   加重其刑   累犯   未遂   盜刷   毀損   偽造   詐欺取財   偽造   變造   偽造   偽造   偽造   偽造   盜刷   竊盜   竊盜 ,2.05,0,偽造文書
  不知悔改   竊盜   竊取   偽造 署押   冒用   偽造   偽造   偽造 署押   偽造私文書   冒用   偽造   偽造   偽造 署押   冒用   偽造 署押   偽造   偽造 署押   偽造私文書   偽造私文書   偽造 署名   偽造 署押   偽造私文書   偽造私文書   偽造   偽造   偽造私文書   偽造私文書   偽造私文書   偽造私文書   偽造   偽造私文書   偽造 署押   偽造私文書   累犯   累犯   假冒   偽造   偽造 ,0.33,0,偽造文書
  業務侵占   業務侵占   竊盜   不知悔改   偽造私文書   竊盜   竊取   偽造私文書   竊盜   偽造私文書   冒用   偽造私文書   偽造   冒用   偽造私文書   冒用   偽造   竊盜   偽造私文書   偽造   加重其刑   冒名   竊取   假冒   偽造   竊取   竊盜   竊盜   竊盜   偽造   偽造私文書   偽造   偽造   偽造   偽造 署押 ,0.75,0,偽造文書
  偽造私文書   偽造   偽造   偽造私文書   偽造 文書   偽造私文書   偽造 文書   冒用   偽造   偽造   偽造 署押   偽造   偽造   偽簽   偽造私文書   冒簽   偽造私文書   偽造私文書   偽造私文書   偽造私文書   偽簽   偽造   未受 損害   偽造   偽造 ,0.25,0,偽造文書
  偽造公文書   偽刻   偽造   偽造   偽造   陷於錯誤   偽造   偽造   偽造   偽造   陷於錯誤   偽造公文書   特種文書   偽造   偽造   偽造   偽造   偽造   陷於錯誤   接受裁判   偽造公文書   特種文書   偽造   偽造   偽造   偽造   陷於錯誤   自首   接受裁判   偽造公文書   特種文書   偽造   偽造   偽造   偽造   陷於錯誤   自首   接受裁判   冒用   偽造私文書   偽造 特種文書   詐欺取財   偽造 特種文書   詐欺取財   共同 正犯   共同 正犯   共同 正犯   偽刻   偽造   偽造   偽造   偽造   偽造   偽造   偽造   偽造 文書   偽造 特種文書   詐欺取財   偽造公文書   詐欺取財   偽造私文書   偽造公文書   偽造   詐欺取財   偽造公文書   偽造私文書   接受裁判   偽造   冒用   偽造   偽造   偽刻   偽造私文書   偽造公文書 ,1.17,0,偽造文書
  偽造私文書   偽造私文書   詐欺 得利   偽造   偽造私文書   冒用   偽造   偽造   偽造私文書   假冒   冒用   偽造   偽造私文書   偽造私文書   詐欺 得利   未遂   偽造私文書   詐欺 得利   偽造私文書   偽造   偽造私文書   偽造   偽造私文書   詐欺 得利   未遂   偽造私文書   冒用   偽造   偽造   偽造   偽造   偽造   偽造 ,0.25,0,偽造文書
  偽造私文書   變造 私文書   偽造   變造   變造 私文書   偽造 文書   變造 私文書   變造 私文書   偽造   累犯   累犯   變造 私文書   變造 ,0.25,0,偽造文書
  偽造私文書   偽造 署押   偽造私文書   偽造私文書   偽簽   偽簽   偽簽   偽造私文書   竊盜   竊盜   累犯   不知悔改   冒用   偽造 署押   偽造私文書   偽簽   偽簽   偽簽   偽簽   偽造 ,0.5,0,偽造文書
  詐欺取財   詐欺取財   偽造私文書   偽刻   偽造   偽造   詐欺取財   偽造私文書   詐欺取財   偽刻   偽造   偽造私文書   偽造   偽造私文書   偽造私文書   偽造私文書   偽刻   偽造私文書   詐欺取財   偽造私文書   偽造私文書   詐欺取財   偽造私文書   偽造   偽造   偽造   偽造 文書   偽造   偽造   偽造私文書   偽刻   偽造 ,0.5,0,偽造文書
  偽造私文書   詐欺   偽造   偽簽   陷於錯誤   偽造私文書   詐欺取財   偽造 文書   詐欺   偽造 文書   詐欺   偽造   偽造 文書   偽造 文書   偽造 文書   詐欺   陷於錯誤   偽造私文書   詐欺取財   偽造   偽造   偽造私文書   偽造私文書   偽造   冒用   偽造   偽造 文書   偽造   偽造 文書   偽造   偽造   偽造   偽造私文書   偽造私文書   偽造私文書   詐欺取財   偽造私文書   偽造   使 公務員 登載不實   使 公務員 登載不實   偽造私文書   詐欺取財   偽造   偽造   偽造   偽造   偽造   偽造 ,0.25,0,偽造文書
  偽造私文書   使 公務員 登載不實   偽造   偽造   偽造 文書   偽造私文書   盜用   使 公務員 登載不實   盜用   偽造私文書   偽造私文書   偽造私文書   偽造私文書   偽造   偽造私文書   偽造私文書   盜用   偽造   使 公務員 登載不實   偽造私文書   偽造 ,0.25,0,偽造文書
  竊取   偽造私文書   冒用   偽造   偽造   冒用   偽簽   冒用   偽造 署押   偽造 署押   冒用   偽簽   偽造 署押   偽造 署押   偽簽   偽造   偽造私文書   偽造 署押   偽造私文書   偽造   偽造私文書   偽造私文書   偽造 署押   偽造私文書   冒名   偽造私文書   冒名   偽造私文書   竊盜   冒用   偽造私文書   偽造   偽造   偽造   偽造 ,0.25,0,偽造文書
  偽造私文書   偽造   偽造   偽造私文書   偽造   偽造 房屋   偽造   偽造   尚具 悔意   偽造 房屋   偽造 ,0.17,0,偽造文書
  偽造私文書   偽造   偽造   偽簽   偽造   偽簽   偽造私文書   使 公務員 登載不實   偽造   偽造私文書   使 公務員 登載不實   偽造   偽造   偽造   偽造   偽造私文書   使 公務員 登載不實   使 公務員 登載不實   使 公務員 登載不實   偽造   偽造   偽造私文書   偽造私文書   偽造   偽造私文書   偽造   偽造私文書   冒用   偽造   偽造 ,0.33,0,偽造文書
  偽造私文書   詐欺   偽造   偽造 文書   詐欺   詐欺取財   偽造私文書   偽造   偽造   偽造私文書   偽造私文書   偽造 文書   偽造   詐欺取財   偽造   偽造 ,0.75,0,偽造文書
  陷於錯誤   偽造私文書   陷於錯誤   盜蓋   陷於錯誤   詐欺取財   偽造私文書   詐欺取財   詐欺取財   偽造私文書   詐欺取財   侵占   偽造私文書   詐欺取財   侵占   偽造私文書   詐欺取財   盜蓋   偽造   盜用   偽造私文書   偽造私文書   偽造私文書   偽造私文書   偽造私文書   詐欺取財   偽造私文書   詐欺取財   偽造私文書   偽造   盜蓋   盜用   偽造   偽造私文書 ,3.0,0,偽造文書
  竊盜   竊取   偽造私文書   詐欺取財   竊盜   竊取   盜用   陷於錯誤   盜用   詐欺   偽造   竊盜   竊盜   偽造私文書   詐欺取財   盜蓋   偽造   盜用   偽造   偽造   竊取   竊取   盜用   偽造 文書   竊取   竊盜   竊盜   偽造私文書   詐欺取財   偽造私文書   竊盜   偽造私文書   累犯   加重其刑   竊取   偽造   偽造   偽造 ,1.67,0,偽造文書
  偽造 準私文書   偽造   偽造 文書   冒用   冒用   偽造   偽造 準私文書   偽造 準私文書   偽造   冒用   偽造 準私文書   偽造 準私文書   偽造 準私文書   偽造 準私文書 ,0.33,0,偽造文書
  偽造私文書   詐欺取財   偽刻   陷於錯誤   詐欺 得利   陷於錯誤   偽造私文書   詐欺取財   詐欺 得利   偽造私文書   詐欺取財   詐欺 得利   偽造私文書   詐欺 得利   偽刻   偽造私文書   偽造私文書   偽造   冒名   詐欺 得利   詐欺取財   冒名   偽造私文書   偽造私文書   詐欺取財   偽造私文書   詐欺 得利   累犯   加重其刑   冒用   偽造   偽造   偽造   偽造   冒用 ,0.33,0,偽造文書
  偽造公文書   盜蓋   偽造公文書   偽造公文書   加重其刑   盜用   偽造公文書   偽造公文書   偽造公文書   偽造   盜蓋   盜用   偽造   知所 警惕 ,1.17,0,偽造文書
  冒用   偽造私文書   偽造   偽造   偽造   偽造   偽造   偽造   偽造   偽造   偽造 文書   使 公務員 登載不實   偽造 文書   偽造   使 公務員 登載不實   偽造   偽造   偽造   偽造   偽造   偽造   偽造私文書   偽造   偽造 文書   偽造私文書   偽造   偽造私文書   偽造私文書   偽造私文書   使 公務員 登載不實   偽造私文書   偽造   偽造   偽造   偽造私文書 ,1.5,0,偽造文書
  變造特種文書   變造   變造 車牌   變造特種文書   變造   變造 車牌   竊盜   變造   變造 公文書   變造特種文書   變造   變造 車牌   變造   累犯   加重其刑   變造   變造 ,0.14,0,偽造文書
  偽造私文書   偽造   偽造   偽造   陷於錯誤   陷於錯誤   偽造   偽造公文書   偽造   偽造   偽造   陷於錯誤   偽造公文書   偽造   偽造   陷於錯誤   偽造   陷於錯誤   偽造   偽造   偽造   偽造   偽造   偽造私文書   詐欺取財   偽造   偽造   偽造私文書   偽造私文書   偽造私文書   偽造私文書   詐欺取財   偽造私文書   偽造私文書   偽造公文書   詐欺取財   偽造   偽造   偽造公文書   偽造公文書   偽造公文書   偽造公文書   詐欺取財   偽造公文書   偽造私文書   偽造公文書   偽造   達成和解   達成和解   知所 警惕   偽造   偽造   偽造   偽造   偽造   達成和解 ,2.0,0,偽造文書
  偽造私文書   冒用   偽造   偽造   偽造 署押   冒用   偽簽   偽簽   偽簽   偽造私文書   偽造   偽造私文書   偽造私文書   偽造   侵占   冒用   偽造   偽造   偽造 ,0.17,0,偽造文書
  偽造私文書   偽造私文書   偽造私文書   累犯   加重其刑   偽造   偽造 文書   偽造   偽造   偽造私文書   偽造   偽造   偽造   偽造   偽造   偽造 ,0.17,0,偽造文書
  無照駕駛   偽造私文書   偽造 署押   冒用   偽造   偽造   偽造 署押   冒用   偽簽   偽簽   偽簽   偽簽   偽造私文書   偽造 署押   偽造私文書   偽造私文書   偽造私文書   偽造   偽造 ,0.17,0,偽造文書
  偽造   偽造   偽造   偽造   偽造   偽造   偽造   變造 ,0.25,0,偽造文書
  偽造私文書   詐欺取財   詐欺 得利   偽造   偽造   偽造   偽造   偽造   偽造私文書   偽造   偽造   偽造私文書   詐欺取財   詐欺 得利   偽造   偽造私文書   偽造   偽造私文書   詐欺取財   詐欺 得利   偽造私文書   詐欺取財   陷於錯誤   詐欺取財   偽造   偽造   偽造   偽造   偽造   偽造   偽造   冒用   冒用 ,0.25,0,偽造文書
  侵占入己   冒用   盜刷   偽簽   偽造   陷於錯誤   侵占   盜刷   業務侵占   偽造私文書   詐欺取財   偽造 署押   偽造私文書   偽造私文書   偽造私文書   業務侵占   偽造私文書   偽造私文書   詐欺取財   業務侵占   達成和解   知所 警惕   偽造   偽造   侵占 ,0.83,0,偽造文書
  偽造公文書   偽造   偽造   偽造   偽造   陷於錯誤   偽造   詐欺   侵占   竊盜   詐欺   詐欺   偽造   陷於錯誤   詐欺取財   陷於錯誤   偽造   偽造   偽造公文書   偽造公文書   偽造公文書   詐欺取財   偽造公文書   偽造   知所 警惕   偽造   偽造   偽造   偽造 ,1.0,0,偽造文書
  詐欺取財   偽造私文書   盜刻   盜刻   偽造   偽造   盜刻   偽造   陷於錯誤   盜刻   偽造   偽造   詐欺取財   偽造私文書   盜刻   偽造   偽造私文書   偽造   偽造   偽造   偽造私文書   詐欺取財   偽造私文書   偽造私文書   偽造   偽造 文書   偽造 文書   偽造   盜刻   偽造   偽造   偽造   偽造 ,8.5,0,偽造文書
  不知悔改   詐欺   偽造私文書   偽簽   偽造   盜刻   偽造   偽造   偽造   盜刻   偽造   偽造   偽造   陷於錯誤   盜刻   偽造   偽造   偽造   陷於錯誤   詐欺取財   假冒   詐欺 得利   詐欺   冒用   冒用   偽造私文書   詐欺取財   詐欺 得利   詐欺取財   詐欺 得利   詐欺取財   偽造   偽造私文書   偽造私文書   偽造私文書   共同 正犯   偽造私文書   詐欺取財   詐欺 得利   偽造私文書   詐欺取財   詐欺 得利   偽造私文書   詐欺取財   偽造私文書   詐欺取財   偽造私文書   累犯   加重其刑   冒用   偽造   偽造   偽造   偽造   詐欺取財   偽造   偽造   偽造   偽造 ,1.83,0,偽造文書
  不知悔改   偽造私文書   詐欺取財   冒用   偽造   偽造私文書   陷於錯誤   偽造私文書   詐欺取財   冒用   偽造   偽造私文書   陷於錯誤   偽造私文書   詐欺取財   冒用   偽造   偽造私文書   陷於錯誤   偽造私文書   詐欺取財   冒用   偽造   偽造私文書   陷於錯誤   偽造私文書   詐欺取財   冒用   偽造   偽造私文書   陷於錯誤   偽造   偽造私文書   偽造 準私文書   詐欺取財   詐欺 得利   偽造   冒用   偽簽   偽造   偽造   偽造   陷於錯誤   偽造 準私文書   詐欺 得利   偽造   陷於錯誤   盜刷   詐欺取財   詐欺取財   偽造 準私文書   詐欺 得利   偽造   偽冒   冒用   盜刷   盜刷   詐欺 得利   偽造私文書   詐欺取財   偽造私文書   偽造   偽造 準私文書   偽造私文書   詐欺取財   詐欺 得利   偽造私文書   偽造私文書   偽造 署押   偽造私文書   偽造   偽造   偽造 準私文書   詐欺 得利   偽造 準私文書   偽造   詐欺 得利   偽造 準私文書   偽造 準私文書   詐欺取財   偽造 準私文書   詐欺 得利   偽造 準私文書   偽造   偽造 準私文書   詐欺 得利   偽造 準私文書   加重其刑   冒用   偽造   偽造   偽造   偽造私文書   偽造   偽造   偽造   偽造   偽造   冒用   偽造   冒用   盜刷   盜刷 ,4.83,0,偽造文書
  詐欺   詐欺   偽造 文書   不知悔改   偽造 準私文書   冒用   詐欺取財   陷於錯誤   冒用   偽造 準私文書   偽造 準私文書   詐欺取財   正犯   累犯   偽造 準私文書 ,1.5,0,偽造文書
  偽造私文書   使 公務員 登載不實   冒用   偽造   冒用   偽造   偽造   偽造   偽造   偽造   偽造私文書   偽造 國民身分證   偽刻   偽造   冒用   偽造   偽造   偽造   偽造   詐欺取財   偽造   冒用   偽造   偽造私文書   偽造   偽刻   偽造   冒用   偽造   偽造   偽造   偽造   偽造   冒用   偽簽   偽造   偽簽   使 公務員 登載不實   偽造私文書   使 公務員 登載不實   偽造   偽造   偽造私文書   詐欺取財   偽造私文書   偽造   偽造私文書   偽造   偽刻   偽造   偽造   偽造   偽造   偽造私文書   偽造私文書   偽造私文書   偽造私文書   竊盜   詐欺取財   偽造   偽造   偽造私文書   偽造   偽造 ,0.67,0,偽造文書
  侵占   盜刷   盜刷   偽造   偽造 ,0.25,5000,偽造文書
  變造   偽造   偽造私文書   偽簽   偽造私文書   偽造私文書   偽造   偽造私文書   冒用   偽造   偽造   偽造私文書   偽造 ,0.17,0,偽造文書
  偽造 準私文書   偽造 準私文書   偽造 準私文書   侵占   偽造 文書   累犯   加重其刑   偽造私文書   累犯   偽造 ,0.58,0,偽造文書
  變造 私文書   變造 私文書   詐欺 得利   詐欺 得利   詐欺 得利   變造 私文書   變造 私文書   共同 正犯   變造 私文書   詐欺 得利   變造 私文書   變造 私文書   變造 ,0.33,0,偽造文書
  偽造 署押   冒用   偽造   偽造 署押   偽簽   偽造 文書   偽造 署押   偽造 文書   偽造 署押   冒用   偽造私文書   偽造 署押   偽造私文書   偽造   偽造   偽造私文書   偽造   冒名   偽造   偽造私文書   偽造私文書   偽造 署押   假冒   偽簽   偽造   偽造   偽造   偽造 ,0.25,0,偽造文書
  竊盜   侵入 住宅   竊盜   不構成累犯   不知警惕   侵占   偽造私文書   偽簽   偽造私文書   偽造   偽造私文書   偽造   盜刷   偽造   偽造   偽簽   偽造私文書   偽造 署押   偽造   偽造   偽造   陷於錯誤   偽造   盜刷   冒用   偽造   冒用   冒用   偽造   偽簽   偽造   偽造私文書   偽造 署押   冒用   偽簽   偽造   冒名   冒名   詐欺取財   詐欺 得利   詐欺取財   持所 侵占   冒名 簽帳   侵占   偽造私文書   詐欺取財   偽造私文書   詐欺取財   未遂   偽造   偽造   偽造   偽造私文書   偽造私文書   偽造   偽造   偽造私文書   偽造私文書   偽造   偽造私文書   偽簽   偽造私文書   偽造   偽造   詐欺取財   偽造私文書   偽造私文書   詐欺取財   詐欺取財   偽造私文書   詐欺   詐欺取財   偽造私文書   詐欺取財   偽造私文書   侵占入己   偽造   盜刷   竊取 財物   盜刷   竊盜   竊盜   盜刷   偽造   偽造   偽造   偽造   偽造   偽造   冒用   偽造   陷於錯誤   詐欺取財   冒用   詐欺   陷於錯誤   詐欺取財   詐欺取財   侵占   侵占 ,0.5,2000,偽造文書
  冒用   偽造 署押   偽造私文書   假冒   偽造   偽造   冒名   偽造 署押   冒用   偽造 署押   偽簽   偽造 署押   偽造   偽造   偽造 署押   偽造私文書   偽造   偽造   偽造 署押   偽造私文書   偽造私文書   偽造私文書   加重其刑   冒用   偽造   偽造 ,0.33,0,偽造文書
  偽造 署押   偽造私文書   偽造   冒用   冒用   偽造 署押   冒用   偽造 署押   偽造 署押   偽造私文書   冒名   偽造私文書   冒名   偽造 署押   偽簽   偽造 署押   偽造私文書   冒簽   偽造 署押   偽簽   偽造私文書   偽造私文書   偽造 署押   偽造 署押   偽造 署押   偽造私文書   偽造私文書   偽造 署押   偽造私文書   冒名   偽造 署押   偽造私文書   偽造私文書   冒用   冒名   偽造 ,0.25,0,偽造文書
  竊盜   竊取   詐欺取財   陷於錯誤   盜刷   詐欺取財   偽造私文書   偽造   陷於錯誤   盜刷   偽造 署押   詐欺 得利   偽造 準私文書   偽造   詐欺取財   偽造 準私文書   偽造   陷於錯誤   盜刷   盜刷   盜刷   盜刷   偽造   冒用   偽造私文書   偽造   偽造私文書   偽造私文書   詐欺取財   詐欺 得利   陷於錯誤   詐欺 得利   侵入 住宅 竊盜   侵入 住宅   無故侵入 住宅   詐欺取財   偽造私文書   詐欺取財   偽造   偽造私文書   偽造私文書   偽造私文書   偽造私文書   詐欺取財   偽造私文書   偽造   詐欺取財   偽造私文書   詐欺取財   詐欺取財   偽造 準私文書   詐欺 得利   偽造 準私文書   偽造 準私文書   偽造 準私文書   詐欺 得利   偽造 準私文書   偽造 準私文書   詐欺 得利   偽造 準私文書   詐欺取財   偽造 準私文書   偽造 準私文書   偽造 準私文書   詐欺取財   偽造 準私文書   偽造 準私文書   偽造 準私文書   詐欺取財   侵入 住宅 竊盜   詐欺取財   偽造私文書   偽造 準私文書   侵入 住宅   竊取   盜用   盜刷   竊盜   偽造 文書   詐欺取財   偽造私文書   偽造 準私文書   詐欺取財   偽造私文書   偽造 準私文書   詐欺取財   偽造   變造   偽造   偽造   偽造   偽造   偽造私文書   盜刷 ,2.33,0,偽造文書
  偽造私文書   偽造   偽造   偽造   偽造   偽造   偽造   偽造   偽造   偽造   偽造   偽造   偽造   偽造   盜用   偽造   偽造   偽造   偽造   偽造 文書   偽造   偽造私文書   偽造私文書   偽造私文書   偽造   偽造私文書   偽造私文書   偽造   偽造   偽造   偽造   偽造私文書   偽造   偽造   偽造   偽造   偽造   偽造 ,0.25,0,偽造文書
  詐欺取財   陷於錯誤   偽造私文書   詐欺取財   偽造   陷於錯誤   侵占   偽造私文書   盜蓋   偽造   侵占入己   偽造   詐欺   詐欺   詐欺取財   偽造私文書   詐欺取財   偽造私文書   偽造私文書   偽造私文書   盜用   偽造私文書   偽造私文書   偽造私文書   陷於錯誤   詐欺取財   偽造私文書   詐欺取財   偽造私文書   侵占   偽造私文書   偽造 文書   詐欺   侵占   盜用   偽造   偽造 ,0.58,0,偽造文書
  竊盜   詐欺取財   詐欺 得利   偽造私文書   陷於錯誤   偽造   偽造私文書   詐欺取財   詐欺 得利   偽造 署名   偽造私文書   偽造私文書   偽造私文書   詐欺 得利   詐欺 得利   偽造私文書   詐欺取財   詐欺 得利   偽造私文書   偽造私文書   詐欺取財   詐欺取財   詐欺 得利   詐欺 得利   詐欺取財   詐欺取財   詐欺 得利   陷於錯誤   竊盜   累犯   加重其刑   偽造私文書   偽造   偽造私文書   偽造 ,0.68,0,偽造文書
  偽造 署押   偽造私文書   冒用   偽造   偽造   偽造 署押   偽造 署押   偽造   偽造   偽造 文書   偽簽   偽簽   偽簽   偽造   偽造私文書   偽造   偽造私文書   偽造私文書   偽造   偽造私文書   偽造私文書   冒用   偽造   偽造 ,0.25,0,偽造文書
  詐欺取財   偽造 準私文書   偽造   陷於錯誤   詐欺   偽造 文書   冒用   冒用   冒用   冒用   冒用   冒用   冒用   詐欺   冒用   冒標   偽造   詐欺取財   偽造 準私文書   偽造 準私文書   偽造   詐欺取財   詐欺取財   冒標   偽造 準私文書   詐欺取財   冒標   偽造 準私文書   詐欺取財   偽造 準私文書   冒用   詐欺   偽造   偽造   不得 上訴 ,0.5,0,偽造文書
  偽造私文書   偽造   盜用   盜蓋   盜用   偽造   偽造   偽造   偽造 署名   偽造   偽造   冒用   正犯   正犯   共同犯罪   共同 正犯   偽造私文書   偽造私文書   偽造私文書   盜用   盜用   盜蓋   偽造   偽造私文書   偽造私文書   業務 登載不實   偽造私文書   偽造私文書   共同 正犯   減輕其刑   偽造   偽造私文書   偽造   盜蓋   偽造   偽造   盜用   偽造   偽造私文書   偽造   偽造 署押   偽造   偽造 文書   偽造   共同 正犯   偽造   偽造   偽造   盜用   盜蓋   偽造   共同 正犯   共同 正犯 ,1.5,0,偽造文書
  偽造公文書   偽造公文書   偽造 特種文書   冒充   偽造公文書   假冒   陷於錯誤   詐欺取財   偽造   偽造   偽造   偽造   偽造   偽造   偽造   偽造   冒用   偽造公文書   偽造   偽造公文書   偽造   偽造 文書   偽造   偽造   偽造   偽造   詐欺取財   詐欺取財   偽造 特種文書   偽造公文書   詐欺取財   未遂   偽造公文書   偽造公文書   偽造公文書   共同 正犯   共同 正犯   偽造   偽造   偽造公文書   偽造公文書   偽造   陷於錯誤   偽造公文書   詐欺取財   偽造公文書   詐欺取財   偽造 特種文書   詐欺取財   未遂   偽造公文書   詐欺取財   偽造公文書   偽造   偽造 特種文書   偽造   偽造   偽造   偽造   偽造   偽造   偽造   加重其刑   不知警惕   偽造   偽造   偽造   偽造公文書   偽造   偽造   偽造公文書   詐欺   偽造   偽造   偽造公文書 ,4.5,0,偽造文書
  偽造   偽造   陷於錯誤   偽造   詐欺取財   偽造 文書   偽造   偽造 契約書   偽造私文書   偽造   偽造私文書   偽造私文書   詐欺取財   偽造私文書   偽造私文書   共同 正犯   偽造私文書   詐欺取財   偽造私文書   偽造私文書   累犯   加重其刑 ,0.5,0,偽造文書
  詐欺取財   偽造 準私文書   假冒   偽造   陷於錯誤   偽造   偽造   冒用   偽造 準私文書   詐欺取財   偽造   偽造 準私文書   偽造 準私文書   偽造 準私文書   偽造   詐欺取財   冒標   偽造 準私文書   詐欺取財   冒標   偽造 準私文書   詐欺取財   偽造 準私文書   偽造 準私文書   冒標   冒標   冒標   共同 正犯   陷於錯誤   詐欺取財   陷於錯誤   冒標   冒用   偽造   偽造   偽造   詐欺取財 ,2.5,0,偽造文書
  偽造私文書   使 公務員 登載不實   偽刻   假冒   偽造   偽造 文書   盜刻   偽刻   偽造   偽刻   偽造   偽造   冒用   偽造 文書   偽造   使 公務員 登載不實   冒用   偽造私文書   使 公務員 登載不實   偽造私文書   使 公務員 登載不實   偽造   偽造   偽造私文書   偽造私文書   偽造   偽造私文書   使 公務員 登載不實   偽造私文書   冒用   偽造   偽造 ,0.42,0,偽造文書
  偽造私文書   詐欺取財   偽造   偽造   偽造   陷於錯誤   詐欺取財   陷於錯誤   偽造   偽造   詐欺取財   陷於錯誤   詐欺取財   偽造 文書   偽造私文書   詐欺取財   詐欺取財   偽造   偽造私文書   偽造私文書   偽造私文書   偽造私文書   詐欺取財   偽造私文書   偽造   偽造 文書   偽造   偽造私文書 ,0.5,0,偽造文書
  竊取   偽造私文書   盜刷   偽簽   偽造   竊取   偽造私文書   詐欺取財   偽造   偽造私文書   偽造私文書   偽造私文書   竊盜   偽造私文書   詐欺取財   偽造私文書   偽造私文書   竊盜   累犯   加重其刑   竊取   冒名   偽造   偽造   盜刷   竊取 ,1.0,0,偽造文書
  侵占   侵占入己   偽造私文書   偽造 署押   冒用   偽造   偽造   偽造   冒用   偽簽   偽簽   偽造私文書   偽造   偽造   偽造 署名   偽造私文書   偽造   偽造私文書   偽造私文書   偽造   偽造   偽造私文書   累犯   加重其刑   自首   冒名   自首   冒用   偽造 署押   偽造私文書   偽造私文書   尚見 悔意   偽造   偽造 ,0.33,5000,偽造文書
  偽造私文書   詐欺取財   盜蓋   偽造   陷於錯誤   詐欺取財   偽造私文書   偽造   偽造私文書   詐欺取財   盜用   偽造私文書   偽造   偽造私文書   偽造私文書   詐欺取財   偽造私文書   冒用   偽造   盜蓋   盜蓋 ,0.17,0,偽造文書
  偽造私文書   冒用   冒用   偽造   偽造   偽造   偽造私文書   偽造私文書   偽造私文書   偽造私文書   偽造   侵占   侵占   累犯   加重其刑   偽造   偽造   偽造 文書   偽造   偽造   偽造   偽造 署押 ,0.33,0,偽造文書
  偽造 署押   偽造私文書   冒用   偽造   偽造   偽造 署押   偽造   偽造 署押   偽造 署押   偽造   偽造   偽造 文書   偽造 署押   偽造 署押   偽造 署押   偽造 署押   偽造私文書   偽造   偽造 署名   偽造 署押 ,0.33,0,偽造文書
  偽造 文書   詐欺取財   偽造公文書   偽造   偽造   偽造   陷於錯誤   偽造   偽造   累犯   自首   詐欺取財   共同 正犯   累犯   累犯   累犯   偽造私文書   偽造公文書   詐欺取財   偽造公文書   共同 正犯   偽造私文書   偽造公文書   詐欺取財   偽造公文書   累犯   加重其刑   偽造   變造 公文書   偽造   變造 文書   登載不實   偽造   偽造   偽造   偽造   偽造   偽造 ,0.5,0,偽造文書
  偽造公文書   偽造   偽造   偽造   陷於錯誤   偽造公文書   詐欺取財   偽造公文書   詐欺   偽造   偽造   偽造   偽造   偽造   偽造   偽造   偽造公文書   詐欺   偽造公文書   詐欺取財   未遂   累犯   自首   累犯   累犯   累犯   偽造私文書   偽造公文書   詐欺取財   偽造   偽造公文書   偽造私文書   偽造公文書   詐欺取財   偽造公文書   累犯   加重其刑   偽造   變造 公文書   偽造   變造 文書   登載不實   偽造   偽造   偽造   偽造   偽造   偽造   偽造 ,0.5,0,偽造文書
  偽造公文書   偽造   偽造   偽造   陷於錯誤   偽造   累犯   自首   詐欺取財   共同 正犯   累犯   累犯   累犯   偽造私文書   偽造公文書   詐欺取財   偽造公文書   共同 正犯   偽造私文書   偽造公文書   詐欺取財   偽造公文書   累犯   累犯   加重其刑   偽造   變造 公文書   偽造   變造 文書   登載不實   使 登載不實   偽造   偽造   偽造   偽造   杜絕   偽造   偽造   偽造   偽造 ,0.5,0,偽造文書
  偽造 署押   冒用   偽造 署押   偽造私文書   偽造私文書   冒名   偽造 署押   偽簽   偽簽   偽造 署押   偽簽   偽造 署押   偽簽   偽造私文書   偽造 署押   偽造   偽造 署押   偽造私文書   偽造私文書   偽造 署押   偽造私文書   偽造私文書   偽造 署押   偽造私文書   偽造私文書   偽造私文書   酒後駕車   冒用   偽造   偽造 ,0.33,0,偽造文書
  偽造 署押   偽造 署名   偽造   偽造 署押   偽造 文書   偽造私文書   偽造 文書   偽造私文書   共同 正犯   偽造   偽造私文書   偽造私文書   偽造私文書   偽造私文書   偽造私文書   偽造私文書   加重其刑   冒用   偽造   偽造   偽造 文書   偽造 文書   偽造 署押   偽造   偽造   偽造 ,0.25,0,偽造文書
  偽造私文書   偽造   盜用   偽造   偽造 文書   自首   接受裁判   偽造 署押   冒用   偽造 署押   偽造   偽造   偽造 文書   偽造 署押   偽造 文書   偽簽   偽造 文書   偽造 署押   偽造私文書   盜用   偽造私文書   盜用   盜用   盜取   盜用   盜用   盜用   盜用   偽造   盜用   偽造私文書   偽造 署押   盜用   偽造   偽造私文書   偽造私文書   偽造   偽造 文書   自首   自首   自首   偽造   偽造   偽造   盜用   偽造   偽造   偽造   偽造 ,0.17,0,偽造文書
  冒用   偽造私文書   冒用   偽造   偽造   偽造   偽造   偽造 署押   冒用   偽造 署押   偽造   偽造   偽造 文書   偽造 署押   偽造 文書   偽簽   偽造 文書   偽造 署押   偽造   偽造 署押   偽造 署押   偽造私文書   偽造   偽造   偽造 署押   偽造私文書   偽造 署押   偽造 署押   偽造私文書   偽造私文書   偽造   冒用   偽造   偽造   偽造 ,0.25,0,偽造文書
  使 公務員 登載不實   竊盜   竊盜   竊盜   竊盜   累犯   加重其刑 ,0.14,0,偽造文書
  累犯   自首   共同 正犯   共同 正犯   共同 正犯   共同 正犯   偽造私文書   共同 正犯   偽造   偽造私文書   偽造私文書   偽造私文書   偽造   偽造   冒用   不得 減刑   偽造   偽造   偽造   偽造   偽造   偽造 ,0.17,0,偽造文書
  變造   偽造私文書   詐欺取財   偽造   變造   冒用   偽造   偽造   偽造   陷於錯誤   變造   冒用   偽造   偽造私文書   偽造   偽造   偽造   變造   偽造   變造   冒用   偽造   偽造   偽造   陷於錯誤   變造   冒用   偽造   偽造   變造   冒用   偽造   偽造   冒用   變造   變造   詐欺取財   詐欺取財   變造   偽造私文書   偽造   冒用   變造   偽造   偽造   偽造   偽造   偽造   偽造   冒用   偽造私文書   變造   變造   偽造私文書   冒用   變造   偽造   偽造   偽造   偽造   偽造   偽造   冒用   偽造私文書   偽造   偽造   偽造私文書   偽造   偽造   偽造   偽造   偽立   偽造   詐欺取財   變造   偽造私文書   詐欺取財   偽造   冒用   變造   偽造   偽造   偽造   偽造   偽造   偽造   冒用   偽造私文書   變造   偽造私文書   偽造   偽造   偽造   偽造   偽造   偽造   冒用   偽造私文書   冒用   偽造   偽造   偽造   變造   偽造私文書   偽造   偽造   偽造   偽造   偽造   偽造   冒用   偽造私文書   偽造   偽造   偽立   詐欺取財   共同 正犯   偽造私文書   冒用   知所 警惕   偽造   偽造   偽造   冒用   變造 ,2.0,0,偽造文書
  詐欺   偽造私文書   偽刻   冒用   偽刻   冒用   偽造私文書   詐欺取財   詐欺取財   詐欺 得利   偽造   偽造   偽造私文書   偽造私文書   偽造   偽造私文書   詐欺取財   偽造私文書   業務侵占   冒用   詐欺   冒用   偽造   盜刻   偽造   偽造 ,0.33,0,偽造文書
  竊盜   竊取   偽造私文書   詐欺取財   偽造   陷於錯誤   冒用   詐欺取財   詐欺 得利   詐欺 得利   竊盜   偽造私文書   詐欺取財   詐欺 得利   詐欺取財   未遂   詐欺取財   偽造 署名   偽造私文書   偽造私文書   詐欺取財   詐欺取財   偽造私文書   詐欺取財   詐欺取財   竊盜   不知悔改   偽造   達成和解   竊盜   偽造 ,0.6,0,偽造文書
  偽造 文書   偽造私文書   偽造 署押   知所 警惕 ,0.5,0,偽造文書
  偽造私文書   詐欺取財   偽造   偽造   偽造   偽造   偽造私文書   詐欺取財   偽造   偽造   偽造   偽造   偽造私文書   偽造私文書   偽造   偽造   偽造私文書   詐欺取財   偽造私文書   偽造   偽造   偽造 ,0.33,0,偽造文書
  不知悔改   侵占入己   冒用   偽造私文書   詐欺取財   詐欺 得利   冒用   偽造   陷於錯誤   偽造   詐欺取財   詐欺 得利   冒用   偽造私文書   詐欺取財   詐欺 得利   偽造 署押   偽造私文書   偽造私文書   偽造私文書   詐欺   冒用   偽造私文書   詐欺 得利   偽造私文書   侵占   偽造私文書   累犯   加重其刑   偽造   偽造   侵占   偽造   偽造 ,0.33,3000,偽造文書
  偽造公文書   偽造   假冒   冒用   偽造公文書   假冒   偽造   偽造公文書   偽造   偽造   偽造   詐欺   冒用   詐欺   偽造   偽造 文書   偽造 文書   偽造   非 公文書   偽造   偽造   偽造   偽造   偽造公文書   詐欺取財   共同 正犯   共同 正犯   共同 正犯   共同 正犯   偽造   偽造公文書   偽造公文書   偽造   偽造公文書   詐欺取財   偽造公文書   加重其刑   偽造   偽造   偽造公文書   偽造   偽造   偽造   偽刻   偽造 ,1.25,0,偽造文書
  偽造   偽簽   偽造私文書   偽造私文書   偽造私文書   加重其刑   累犯   加重其刑   偽造   偽造 文書   偽造   偽造 ,0.42,0,偽造文書
  偽造 文書   偽造私文書   使 公務員 登載不實   偽造 文書   偽造 文書   偽造   偽刻   偽造   偽造私文書   使 公務員 登載不實   偽刻   偽造   偽造   偽造私文書   偽造私文書   偽造私文書   使 公務員 登載不實   毀損   偽造私文書   偽造私文書   偽造   署押   偽刻   偽造   偽造   偽造   偽造 ,0.17,0,偽造文書
  冒用   偽造   變造   偽造   變造   偽造 署押   偽造 署押   偽造   偽造   偽造   偽造私文書   偽造   偽造 署押   冒用   偽造   偽造私文書   偽造   偽造   偽造   偽造私文書   偽造   偽造   偽造   偽造   偽造私文書   冒用   偽造私文書   偽造私文書   累犯   加重其刑   偽造   冒用   偽造   偽造   偽造 ,0.5,0,偽造文書
  偽造   偽造   偽造   偽造 特種文書   變造特種文書   偽造   偽造 車牌   偽造   偽造 ,0.25,0,偽造文書
  變造特種文書   變造特種文書   變造特種文書   變造 ,0.25,0,偽造文書
  偽造   偽造   偽造   偽造私文書   偽造 署押   偽造   偽造 署押   偽造私文書   偽造私文書   偽造 署押   偽造私文書   偽造私文書   偽造私文書   偽造私文書   冒用   偽造   偽造 ,0.25,0,偽造文書
  冒用   冒用   偽造 準私文書   詐欺取財   偽造 準私文書   偽造   共同 正犯   偽造 準私文書   詐欺取財   偽造 準私文書   冒用   盜刷   盜刷 ,0.17,0,偽造文書
  偽造私文書   未經許可 入國   偽造   偽造私文書   偽造私文書   偽造私文書   偽造私文書   非法入境   偽造私文書   共同 正犯   偽造   偽造 ,0.25,0,偽造文書
  偽造私文書   偽造私文書   偽造私文書   偽造   偽造私文書   冒用   偽造 ,0.17,0,偽造文書
  詐欺取財   詐欺 得利   偽造私文書   偽刻   偽造   陷於錯誤   偽造   偽造   陷於錯誤   偽造   詐欺取財   詐欺 得利   偽造私文書   詐欺取財   詐欺 得利   偽刻   偽造   偽造   偽造   偽造私文書   偽造私文書   盜蓋   盜蓋   偽造私文書   詐欺取財   詐欺 得利   偽造私文書   偽造私文書   詐欺 得利   偽造私文書   盜刻   偽造   偽造   偽造   偽造私文書   詐欺取財   詐欺 得利   偽造   偽造   偽造   偽造 文書   偽造   偽造   偽造   偽造   偽造   詐欺取財   詐欺 得利 ,0.58,0,偽造文書
  偽造   偽造 準私文書   偽造   詐欺   偽造 準私文書   偽造 準私文書   偽造 準私文書   偽造 準私文書   偽造   深具 悔意   共同 正犯   共同 正犯   共同 正犯 ,0.83,0,偽造文書
  偽造   偽造私文書   詐欺取財   偽造   偽造   偽造 署押   偽造   偽造   陷於錯誤   偽造   未遂   偽簽   冒用   偽造私文書   偽造私文書   詐欺 得利   詐欺取財   偽造   詐欺取財   偽造   詐欺 得利   未遂   偽造私文書   詐欺取財   詐欺取財   未遂   偽造 署押   偽造私文書   偽造   偽造   偽造   偽造 署押   詐欺取財   偽造私文書   詐欺取財   詐欺取財   偽造   偽造   偽造私文書   詐欺取財   詐欺取財   偽造   偽造   偽造   詐欺取財   未遂   偽造   盜刷   盜刷   竊盜   累犯   加重其刑   偽造   偽造   偽造 ,0.67,0,偽造文書
  偽造私文書   偽造   偽造   累犯   自首   正犯   正犯   共同 正犯   共同 正犯   共同 正犯   詐欺取財   累犯   累犯   累犯   累犯   偽造私文書   詐欺取財   造 私文書   詐欺取財   偽造私文書   共同 正犯   竊盜   累犯   加重其刑   不得 減刑   偽造   偽造   偽造   偽造   偽造 ,0.25,0,偽造文書
  詐欺取財   詐欺 得利   偽造私文書   冒用   冒用   偽造   陷於錯誤   詐欺取財   偽造私文書   冒用   冒用   偽造   詐欺取財   詐欺 得利   偽造私文書   冒用   冒用   偽造   偽造私文書   詐欺 得利   冒用   偽造   偽造私文書   詐欺取財   詐欺 得利   冒用   偽造私文書   詐欺取財   冒用   冒用   冒用   共同 正犯   偽造   偽造   偽造私文書   偽造私文書   偽造私文書   詐欺取財   詐欺 得利   冒用   偽造私文書   偽造私文書   偽造 文書   詐欺 得利   偽造   偽造   偽造私文書   冒用   詐欺取財   詐欺 得利   偽造   偽造   偽造   偽造 文書   偽造   偽造   偽造   偽造   共同 正犯   共同 正犯   共同 正犯 ,0.42,0,偽造文書
  不思悛悔   偽造   偽造公文書   詐欺   偽造   偽造公文書   偽造   偽造   偽造   偽造   假冒   偽造   偽造   陷於錯誤   偽造   偽造   偽造   偽造   偽造 文書   偽造 文書   偽造 證書   偽造 證書   偽造 文書   偽造   偽造   偽造公文書   偽造 特種文書   冒用   詐欺取財   偽造 特種文書   偽造   偽造公文書   偽造公文書   特種文書   偽造公文書   特種文書   冒用   詐欺取財   累犯   加重其刑   冒用   詐欺取財   冒用   詐欺取財   冒用   詐欺取財   冒用   詐欺取財   偽造公文書   冒用   知所 警惕   達成和解   偽造   偽造   偽造 ,1.17,0,偽造文書
  偽造私文書   偽造   偽造私文書   偽造   偽造私文書   陷於錯誤   偽造私文書   偽造   偽造私文書   偽造   偽造私文書   陷於錯誤   竊取   偽造私文書   偽造   偽造私文書   偽造   偽造私文書   陷於錯誤   偽簽   冒用   偽造私文書   偽造 簽   偽造私文書   詐欺取財   詐欺 得利   詐欺取財   偽造   詐欺取財   偽造   詐欺 得利   竊取   偽簽   偽造   竊盜   偽造私文書   詐欺取財   偽造   偽造私文書   偽造私文書   偽造   偽造私文書   詐欺取財   偽造私文書   偽造私文書   竊盜   偽造私文書   竊取   冒用   盜刷   偽造   盜刷 ,0.58,0,偽造文書
  侵占入己   偽造私文書   偽簽   冒用   盜刷   冒用   冒用   陷於錯誤   偽簽   偽造   陷於錯誤   侵占   偽造私文書   詐欺取財   偽造 署押   偽造私文書   盜刷   偽簽   偽造私文書   詐欺取財   偽造私文書   侵入   侵入 住宅   竊取   竊盜   侵入 住宅   竊取   竊盜   詐欺   收受 贓物   竊取   竊取   侵入   侵入 住宅   加重 竊盜   侵占   侵占   竊盜   侵占   竊盜   侵入 住宅   侵占   侵占   盜刷   偽簽   偽造   侵占 ,0.42,10000,偽造文書
  偽造私文書   偽刻   偽造   偽簽   偽造   偽簽   偽造私文書   偽造私文書   偽造 文書   冒用   偽簽   誣陷   偽造   偽刻   偽刻   偽造   偽造 文書   冒用   偽造 文書   假冒   假冒   偽造   偽造私文書   冒用   偽造私文書   偽造私文書   偽造   偽造   偽造私文書   偽造私文書   業務 登載不實   偽刻   偽造   偽造私文書   共同 正犯   偽刻   偽造   偽簽   偽造私文書   偽造私文書   偽造私文書   偽造私文書   偽造私文書   偽造   偽造   偽造私文書   偽刻   偽造   偽造   偽造   偽造私文書   偽造   偽造   偽刻   偽造   偽簽   偽造   偽造   偽造   詐欺取財   偽造   陷於錯誤   詐欺取財   偽造私文書 ,0.25,0,偽造文書
  冒用   偽造公文書   偽造公文書   偽造   假冒   陷於錯誤   偽造   偽造   偽造 文書   偽造 文書   偽造   偽造   偽造   冒用   冒用   詐欺取財   假冒   假冒   假冒   冒用   詐欺取財   偽造公文書   冒用   詐欺取財   共同 正犯   共同 正犯   偽造公文書   偽造公文書   共同 正犯   冒用   詐欺   冒用   詐欺取財   偽造公文書   偽造公文書   偽造公文書   偽造公文書   冒用   詐欺取財   偽造私文書   詐欺取財   冒用   詐欺取財   累犯   加重其刑   偽造公文書   冒用   詐欺取財   偽造   偽造   偽造   偽造公文書   偽造   偽造公文書   偽造公文書   偽造   偽造   偽造   偽造公文書 ,1.5,0,偽造文書
  偽造私文書   冒用   偽造   偽造   偽造   偽造私文書   冒用   偽造   偽造   偽造   偽造   偽造 署押   冒用   偽造   偽造 文書   冒用   偽造   偽造 署名   偽造   偽造 署押   偽造   偽造   偽造私文書   偽造   偽簽   偽造私文書   冒用   偽造   偽造私文書   偽簽   偽造私文書   偽造 署押   偽造私文書   偽造 署押   偽造 署押   偽造私文書   偽造   偽造私文書   偽造私文書   偽造   偽造   偽造 署押   偽造私文書   偽造 署押   偽造私文書   偽造 署押   偽造私文書   偽造私文書   偽造私文書   偽造   偽造 署名   偽造私文書   偽造 署名   偽造 署名   偽造 署押   偽造私文書   冒用   偽造私文書   偽造   偽造 署押 ,0.33,0,偽造文書
  變造特種文書   竊盜   變造   變造 車牌   竊取   變造 文書   偽造   變造   變造特種文書   變造特種文書   變造特種文書   變造   偽造 特種文書   累犯   加重其刑   變造 機車 ,0.25,0,偽造文書
  偽造 文書   變造特種文書   使 公務員 登載不實   變造   虛偽 登載   變造特種文書   變造特種文書   變造特種文書   使 公務員 登載不實   變造   變造   變造   變造 ,0.25,0,偽造文書
  偽造 文書   變造 文書   偽造 署押   冒用   偽造   偽造   偽造私文書   偽造   偽造 署押   偽造私文書   偽刻   偽造私文書   偽造   偽簽   偽刻   偽造   偽造私文書   偽造私文書   偽造私文書   偽造私文書   累犯   加重其刑   偽簽   盜刻   偽造   偽造   偽造私文書   偽造   偽造   偽造   偽造   偽造 ,0.42,0,偽造文書
  變造特種文書   變造   強盜   強盜   變造 文書   偽造   變造   變造 車牌   變造   強盜   變造特種文書   變造特種文書   變造   變造 機車   強盜   變造 車牌 ,0.14,0,偽造文書
  不知悔改   冒用   偽造私文書   偽造   偽造   偽造   偽造 ,0.42,0,偽造文書
  偽造 準私文書   偽造 準私文書   偽造 準私文書   偽造 準私文書   冒用   毀損   頗 有 悔意   知所 警惕 ,0.42,0,偽造文書
  偽造私文書   使 公務員 登載不實   盜蓋   偽造   偽造   偽造私文書   使 公務員 登載不實   盜用   偽造   偽造私文書   使 公務員 登載不實   盜用   偽造私文書   偽造私文書   偽造私文書   偽造私文書   偽造私文書   使 公務員 登載不實   偽造私文書   盜用   偽造   偽造   盜用   盜用   偽造   盜用   偽造 ,0.42,0,偽造文書
  偽造私文書   詐欺取財   偽造   陷於錯誤   偽造   陷於錯誤   偽造   陷於錯誤   未遂   偽造   陷於錯誤   偽造   陷於錯誤   偽造   陷於錯誤   偽造私文書   偽造   偽造   詐欺   陷於錯誤   偽造私文書   詐欺取財   偽造私文書   詐欺取財   偽造私文書   偽造私文書   偽造   偽造私文書   偽造私文書   偽造私文書   詐欺取財   偽造   偽造私文書   達成和解   偽造   偽造   偽造私文書   偽造   偽造   偽造   偽造   偽造   侵占   詐欺   侵占入己   侵占   詐欺取財 ,2.27,0,偽造文書
  偽造私文書   偽簽   盜蓋   偽造   偽簽   盜蓋   偽造   偽造   偽造   盜用   偽造   不得 上訴 ,0.17,0,偽造文書
  不知悔改   侵占入己   偽造私文書   使 公務員 登載不實   假冒   偽簽   偽簽   偽造   偽造私文書   使 公務員 登載不實   偽刻   偽刻   偽造   偽造   偽造   偽造私文書   使 公務員 登載不實   偽簽   偽造   偽造私文書   使 公務員 登載不實   偽刻   偽造   偽造   偽造   偽造   偽造   偽造   偽造   偽造   偽造   偽造   偽造   偽造   偽造私文書   使 公務員 登載不實   偽刻   偽造   偽造   偽造   偽造   偽造   偽造   偽造   偽造   偽造   偽造   偽造   偽造   偽造   偽刻   偽造私文書   使 公務員 登載不實   偽刻   偽造 署押   冒用   偽造 署押   偽造   偽造   偽造 文書   使 公務員 登載不實   使 公務員 登載不實   偽造私文書   使 公務員 登載不實   偽造   偽造私文書   偽造私文書   偽造私文書   偽造私文書   使 公務員 登載不實   偽造私文書   侵占   偽造私文書   累犯   加重其刑   侵占   冒領   侵占   偽造私文書   使 公務員 登載不實   偽造   偽造   偽造   盜用   偽造 ,2.0,0,偽造文書
  偽造   偽造   陷於錯誤   偽造   偽造私文書   詐欺   偽造私文書   詐欺取財   偽造   偽造   偽造   偽造   陷於錯誤   盜刷   盜刷   偽造 署押   偽造私文書   詐欺 得利   偽造   偽造   偽造   偽造   陷於錯誤   盜刷   盜刷   偽造 署押   盜刷   偽造 署押   盜刷   冒用   偽造   累犯   自首   共同 正犯   共同 正犯   共同 正犯   共同 正犯   共同 正犯   共同 正犯   偽造私文書   詐欺取財   詐欺 得利   詐欺取財   詐欺 得利   偽造私文書   詐欺取財   詐欺 得利   偽造私文書   共同 正犯   偽造   偽造   陷於錯誤   偽造私文書   詐欺取財   偽造私文書   詐欺 得利   偽造 署押   偽造私文書   偽造私文書   偽造私文書   偽造私文書   詐欺取財   詐欺 得利   偽造私文書   詐欺取財   詐欺 得利   加重其刑   偽造私文書   偽造私文書   偽造   盜刷   偽造   偽造   偽造   偽造 ,0.5,0,偽造文書
  竊取   偽造私文書   詐欺   偽簽   偽造   陷於錯誤   偽造私文書   詐欺取財   偽簽   偽造私文書   偽造私文書   偽造私文書   偽造私文書   詐欺取財   偽造私文書   竊盜   偽造 文書   偽造 文書   累犯   加重其刑   冒用   偽造   偽造 ,1.0,0,偽造文書
  偽造私文書   使 公務員 登載不實   偽造 文書   偽造   盜蓋   陷於錯誤   偽造私文書   使 公務員 登載不實文書   偽造 署押   冒用   偽造 署押   偽造   偽造   冒用   偽造   盜蓋   偽造私文書   偽造私文書   使 公務員 登載不實   偽造 署押   盜用   偽造私文書   偽造私文書   偽造   偽造私文書   偽造私文書   使 公務員 登載   偽造私文書   使 公務員 登載不實   偽造私文書   展現 悔過   知所 警惕   偽造   偽造   盜用   偽造   盜用   偽造 ,0.33,0,偽造文書
  偽造 文書   使 公務員 登載不實   偽造私文書   冒用   使 公務員 登載不實   偽造私文書   冒用   偽造   偽造   偽造   偽造   偽造   假冒   偽造   假冒   偽造私文書   盜用   盜蓋   假冒   偽造   偽造私文書   盜用   盜蓋   假冒   偽造   偽造   偽造   偽造   盜用   盜蓋   假冒   偽造   共同 正犯   偽造私文書   使 公務員 登載不實   冒用   冒名   偽造   偽造   盜蓋   偽簽   偽造   偽造私文書   登載不實   不實登載   偽造   偽造 文書   偽造 文書   偽造私文書   不實登載   累犯   自首   登載不實文書   使 公務員 登載不實   共同 正犯   累犯   累犯   累犯   累犯   累犯   累犯   假冒   偽造私文書   偽造私文書   偽造私文書   登載不實文書   使 公務員 登載不實   冒濫   偽造   變造 文書   偽造   變造 文書   偽造   偽造私文書   使 公務員 登載不實   盜用   偽造 署押   偽造私文書   偽造私文書   偽造   偽造私文書   登載不實文書   使 公務員 登載不實   偽造私文書   偽造私文書   登載不實文書   偽造私文書   使 公務員 登載不實   偽造私文書   偽造私文書   偽造   偽造私文書   業務上 登載不實   使 公務員 登載不實   偽造私文書   偽造   偽造   偽造   偽造   偽造   盜用   偽造   盜蓋   盜蓋   偽造 ,0.83,0,偽造文書
  詐欺   陷於錯誤   詐欺   偽造私文書   偽造   偽造   詐欺取財   偽造私文書   詐欺   偽造   詐欺   偽造   陷於錯誤   詐欺 不法   偽造私文書   詐欺   偽造   偽造   詐欺   偽造   偽造 文書   偽造私文書   偽造   詐欺   偽造   不實私文書   詐欺取財   偽造私文書   偽造私文書   偽造   偽造   偽造私文書   偽造私文書   偽造私文書   偽造私文書   偽造私文書   詐欺取財   偽造私文書   偽造   偽造   偽造私文書 ,1.5,0,偽造文書
  酒後駕車   不知悔改   呼氣 酒精濃度 高達 每公升 0.42 毫克   偽造私文書   偽造   偽造   冒用   冒用   偽造 署押   冒用   偽造 署押   偽造   偽造   偽造 署押   偽造 文書   偽造   偽造私文書   偽造 署押   偽簽   偽簽   偽造   冒名   偽造 署押   偽造 署押   非 偽造 文書   偽造私文書   偽造   偽造   偽造   偽造私文書   偽造私文書   偽造 署押   偽造 署押   偽造私文書   偽造私文書   偽造   偽造   偽造 署押   偽造   偽造私文書   偽造   偽造 署押   偽造 署押   偽造私文書   偽造 署押   偽造私文書   偽造私文書   偽造私文書   偽造 署押   偽造私文書   偽造 署押   酒後駕車   冒用   偽造私文書   冒用   偽造   偽造   偽造   不得 上訴 ,0.5,0,偽造文書
  偽造 署押   冒用   偽造   偽造 署押   偽造   偽造私文書   偽造私文書   偽造 署押   偽造私文書   偽造 署押   偽造私文書   偽造私文書   偽造私文書   偽造私文書   偽造 署押   偽造私文書   偽造 署押   偽造   累犯   加重其刑   冒用   偽造 署押   偽造私文書   偽造私文書   冒名   偽造 數 署押 ,0.33,0,偽造文書
  使 公務員 登載不實   使 公務員 登載不實   共同 正犯 ,0.33,0,偽造文書
  竊盜   竊取   偽造私文書   詐欺取財   偽簽   偽造   陷於錯誤   偽造 文書   詐欺取財   偽簽   偽造   陷於錯誤   盜用   竊盜   偽造私文書   詐欺取財   偽造   偽造私文書   偽造私文書   偽造私文書   偽造私文書   詐欺取財   偽造私文書   竊盜   竊取   偽簽   偽造 文書   偽造 文書   詐欺   偽簽   竊取   冒用   偽造   偽造私文書   偽造   偽造   偽造私文書   偽造   變造   偽造 文書   偽造   偽造   偽造   偽造   偽造 文書 ,0.25,0,偽造文書
  詐欺   偽造 文書   詐欺   偽造私文書   偽造   偽造   偽造   陷於錯誤   偽造   偽造   偽造   偽造私文書   詐欺取財   偽造私文書   偽造私文書   偽造私文書   偽造私文書   詐欺取財   偽造私文書   偽造   偽造   偽造私文書   偽造   變造   偽造 文書   偽造   偽造   偽造   偽造 文書   陷於錯誤   偽造私文書 ,0.83,0,偽造文書
  偽造   陷於錯誤   偽造   冒用   偽造   陷於錯誤   偽造公文書   偽造公文書   冒用   偽造公文書   偽造   偽造   偽造   偽造   偽刻印章   偽造   偽造   偽造   偽造   偽造   詐欺取財   冒用   偽造公文書   偽造公文書   詐欺取財   偽造   偽造公文書   偽造公文書   偽造公文書   偽造公文書   詐欺取財   偽造公文書   詐欺取財   偽造公文書   偽造公文書   偽造公文書   偽造   偽造   偽造公文書   偽造   偽造 ,1.5,0,偽造文書
  偽造私文書   使 公務員 登載不實   盜蓋   偽造私文書   偽造   偽造 文書   偽造私文書   偽造   偽造   偽造私文書   偽造私文書   使 公務員 登載不實   盜蓋   偽造   偽造私文書   偽造   偽造私文書   偽造私文書   使 公務員 登載不實   偽造私文書   偽造私文書   偽造私文書   盜 蓋印章   偽造   造 私文書   盜用   偽造   偽造   盜用   偽造 ,0.25,0,偽造文書
  偽造私文書   使 公務員 登載不實   盜用   偽造   使 公務員 登載不實   登載不實   偽造私文書   使 公務員 登載不實   盜用   盜蓋   偽造私文書   偽造私文書   偽造   偽造   使 公務員 登載不實   使 公務員 登載不實   偽造私文書   偽造私文書   偽造   偽造私文書   使 公務員 登載不實   偽造   偽造   偽造   偽造   盜用   偽造   盜蓋   偽造   盜用   偽造 ,0.33,0,偽造文書
  侵占入己   偽造私文書   詐欺   偽簽   陷於錯誤   陷於錯誤   侵占入己   盜刷   侵占   侵占   侵占   盜刷   侵占   偽造私文書   詐欺取財   偽造   偽造私文書   偽造私文書   偽造私文書   偽造私文書   詐欺取財   偽造   偽造私文書   詐欺   偽造私文書   偽造私文書   累犯   侵占   無 累犯   加重其刑   不思悔改   偽造   偽造私文書   偽造   偽造   偽造   侵占 ,0.83,0,偽造文書
  偽造 準私文書   冒用   偽造   心生恐懼   冒用   偽造 準私文書   偽造 準私文書   偽造 準私文書   偽造 準私文書   冒用 ,0.22,0,偽造文書
  偽造私文書   偽造私文書   偽造 ,0.25,0,偽造文書
  共同 正犯   累犯   共同 正犯   共同 正犯   預備 共同 正犯   共同 正犯   使 公務員 登載不實   使 公務員 登載不實文書   使 使 公務員 登載不實   共同 正犯   共同 正犯   使 公務員 登載不實   加重其刑 ,0.42,0,偽造文書
  侵占入己   變造特種文書   變造   變造   變造   侵占   變造特種文書   竊盜   變造特種文書   累犯   加重其刑   變造   變造 ,0.14,4000,偽造文書
  偽造   偽造   偽造私文書   偽造 署押   偽造私文書   偽造私文書   偽造   累犯   加重其刑   冒用   偽造   偽造 ,0.33,0,偽造文書
  偽造私文書   偽造   偽造   偽造私文書   偽造   偽造   無照駕駛   偽造私文書   偽造   偽造   偽簽   偽簽   偽造私文書   偽造私文書   偽造私文書   偽造私文書   偽造私文書   偽造 文書   累犯   加重其刑   偽造   詐欺   冒用   偽造   偽造   偽造 署押   偽造   偽造   偽造 署押 ,0.83,0,偽造文書
  偽造私文書   偽造   假冒   偽造   偽造   未經許可 入國   未經許可 入國   未經許可 入境   偽造私文書   未經許可 入國   偽造   偽造   偽造   偽造私文書   偽造私文書   偽造私文書   未經許可 入國   偽造私文書   自首   減輕其刑   接受裁判   減輕其刑   偽造   偽造   偽造   偽造 ,0.25,0,偽造文書
  疏未注意   偽造 署押   偽造   偽造   偽造 文書   偽簽   偽造   偽造 署押   偽造   偽造 署押   偽造 署押   偽造   偽造 署押   偽造 署押   自首   受 裁判   自首   偽造 署押   冒用   接受裁判   冒用   偽造   偽造 ,0.27,0,偽造文書
  酒後駕車   酒後駕車   竊盜   酒後駕車   酒後駕車   酒後駕車   不知悔改   偽造 署押   偽造私文書   冒用   偽造   偽造 署押   偽造 署押   冒用   偽簽   偽簽   偽造   偽簽   偽造 署押   冒名   偽簽   偽造私文書   偽造私文書   偽造 署押   偽造   冒用   偽造 署押   偽造 署押   偽造   偽造 署押   偽造   偽造私文書   偽造 署押   偽造私文書   偽造 署押   偽造私文書   偽造私文書   偽造   偽造 署押   冒用   偽造   偽造私文書   冒名   偽造 署押   偽造私文書   偽造   偽造 署押   偽造私文書   偽造私文書   偽造私文書   累犯   加重其刑   酒醉駕車   酒後駕車   酒後駕車   酒後駕車   酒後駕車   冒用   偽造 署押   偽造   偽造   偽造 ,0.92,0,偽造文書
  偽造私文書   詐欺取財   偽造 署押   偽造私文書   偽造私文書   盜刷   偽造私文書   詐欺取財   偽造私文書   偽造私文書   盜刷   偽造   偽造   偽造   偽造 ,0.5,0,偽造文書
  竊盜   竊取   偽造私文書   竊取   偽造   偽造私文書   偽造 文書   偽造 署押   偽造   偽造   偽造 署押   偽造私文書   偽簽   偽造私文書   偽造 署押   竊盜   偽造私文書   偽簽   偽造   偽造私文書   偽造   偽造私文書   竊取   假冒   竊盜   偽造 文書   偷竊   偽造   偽造   偽造私文書 ,0.42,0,偽造文書
  偽造 署押   詐欺取財   累犯   累犯   累犯   累犯   未遂   累犯   偽造私文書   詐欺取財   偽刻   偽造   偽造私文書   偽造私文書   偽造私文書   偽造私文書   盜刷   偽造私文書   詐欺取財   盜刷   盜刷   偽造   詐欺取財   偽造私文書   詐欺取財   偽造私文書   偽造私文書   詐欺   偽造私文書   詐欺   偽造私文書   詐欺取財   偽造私文書   詐欺取財   偽造私文書   偽造 文書   累犯   偽造   偽造   詐欺取財   累犯   自首   詐欺取財   偽造   變造   偽造   偽造   偽造   偽造   偽造私文書 ,1.33,0,偽造文書
  偽造 署押   偽造 署押   偽造   偽造   冒名   冒用   偽造私文書   偽造   偽造   冒名   偽造   偽造私文書   偽造私文書   冒名   冒用   偽造私文書   偽造私文書   偽造   偽造   冒名   冒名   冒名   偽造私文書   偽造 ,0.58,0,偽造文書
  偽造   變造   偽造   變造   偽造   偽造   變造   偽造   偽造   變造   偽造 公印文   偽造   偽造   偽造   偽造   偽造 公印文   偽造   偽造   偽造 公印文   偽造   偽造   偽造   偽造 公印文   偽造   偽造 公印文   偽造 公印文   共同 正犯   偽造   偽造   偽造   偽造   偽造   偽造   偽造 ,0.25,0,偽造文書
  偽造私文書   偽刻   偽造   偽造私文書   偽刻   偽造   偽造   偽造私文書   偽造私文書   偽造   偽造私文書   偽造   偽造 ,0.5,0,偽造文書
  偽造   偽造 文書   偽造私文書   偽造   偽造   偽造私文書   盜用   偽造私文書   偽造私文書   偽造   偽造   變造   偽造   偽造   盜用   偽造   盜用   偽造   偽造私文書 ,0.25,0,偽造文書
  偽造 署押   冒用   偽造   偽造 署押   偽造 署押   冒用   偽造   冒名   偽造 署押   冒用   知所 警惕   知所 警惕   偽造   偽造   偽造   偽造私文書   偽造私文書   偽造 署押   冒用   偽造 署押   偽造   偽造   偽造 署押   偽造私文書   偽造   偽造 署押   偽造私文書   偽造 署押   使 公務員 登載不實   使 公務員 登載不實 ,0.25,0,偽造文書
  偽造私文書   詐欺取財   偽刻   偽造   偽造   陷於錯誤   偽造   偽造   偽造私文書   詐欺取財   偽造   偽造私文書   偽造私文書   偽造   偽造私文書   偽造   偽造私文書   詐欺取財   偽造私文書   偽造   偽造   偽造   偽造   偽造 ,2.5,0,偽造文書
  偽造私文書   盜用   偽造私文書   偽造 文書   偽造   偽造   偽造   偽造   盜用   盜用   偽造   盜用   偽造   偽造 ,0.25,0,偽造文書
  偽造   盜用   偽造   盜蓋   偽造   使 公務員 登載不實   偽造私文書 ,1.0,0,偽造文書
  偽造私文書   幫助逃漏 稅捐   偽造   偽造   偽造   偽造   偽造   偽造   偽造   偽造   偽造私文書   偽簽   偽造   偽造私文書   偽造私文書   共同 正犯   共同 正犯   逃漏 稅捐   幫助逃漏 稅   共同 正犯   偽造   偽造   正犯   偽造私文書   偽造私文書   逃漏 稅捐   偽造   偽造私文書   偽造 ,0.25,0,偽造文書
  詐欺取財   詐欺取財   偽造私文書   冒用   偽簽   偽造   陷於錯誤   詐欺取財   詐欺取財   偽造私文書   詐欺取財   詐欺取財   偽簽   偽造私文書   偽造私文書   偽造   詐取 財物   詐欺取財   偽造私文書   詐欺取財   偽造私文書   偽簽   陷於錯誤   偽造私文書   偽造   變造   偽造   變造   偽造   偽造   變造 文書   偽造   偽造   偽簽   偽造 ,0.92,0,偽造文書
  偽造私文書   冒用   偽簽   偽造私文書   偽造私文書   偽簽   偽造私文書   偽造私文書   偽造   偽造 文書   偽簽   偽造私文書   偽簽   偽造 署押   偽造私文書   偽造私文書   偽造   偽造私文書   累犯   加重其刑   冒用   偽造 文書   偽造   偽造 署押   偽造   偽造   偽造   偽造 ,0.42,0,偽造文書
  詐欺取財   偽造私文書   偽刻   偽蓋   偽造   詐欺取財   偽造私文書   偽造   偽造 印文   偽造私文書   偽造私文書   偽造私文書   詐欺取財   偽造私文書   詐欺取財   詐欺   偽造   偽造   偽造   偽造 ,2.0,0,偽造文書
  偽造私文書   偽造私文書   偽造私文書   達成 協商   認罪   累犯   自首   共同 正犯   共同 正犯   共同 正犯   偽造私文書 ,0.33,0,偽造文書
  偽造公文書   詐欺取財   偽刻   偽造   偽刻   偽刻 ,2.0,0,偽造文書
  竊盜   偽造 文書   偽造 文書   詐欺   竊盜   竊盜   不知悔改   竊盜   偽造私文書   詐欺取財   竊盜   偽造私文書   詐欺取財   偽造私文書   詐欺取財   竊盜   竊盜   竊盜   竊盜   竊盜   竊取   累犯   加重其刑   竊取   竊盜   竊盜   偽造 文書   竊取   竊盜   偽造私文書   詐欺取財   竊盜 ,0.33,0,偽造文書
